RequestID,System,Category,ManufacturerPreference,ProductFamily,RequestedPart,MLFBOrSearchKey,PartSelection,Priority,ThreeDModel,TwoDDrawing,IECSymbol,NFPAJICSymbol,TerminalPinMap,ElectricalMacro,CableWorkbenchAsset,SourceURL,SourceBasis,VerificationStatus,DownloadStatus,Notes
CAD-0001,PLC,CPU,Siemens,SIMATIC S7-1200 classic,CPU 1212C DC/DC/DC,6ES7212-1AE40-0XB0,Exact catalog seed,1,Required,Required,Required,Required,Required,Download if available,Not applicable,https://www.siemens.com/cax,ControlForgeCAD Siemens S7-1200 2017 source snapshot,Source-backed; current lifecycle/CAD files need Siemens verification,Not started,
CAD-0002,PLC,CPU,Siemens,SIMATIC S7-1200 classic,CPU 1214C DC/DC/DC,6ES7214-1AG40-0XB0,Exact catalog seed,1,Required,Required,Required,Required,Required,Download if available,Not applicable,https://www.siemens.com/cax,ControlForgeCAD Siemens S7-1200 2017 source snapshot,Source-backed; current lifecycle/CAD files need Siemens verification,Not started,
CAD-0003,PLC,CPU,Siemens,SIMATIC S7-1200 classic,CPU 1215C DC/DC/DC,6ES7215-1AG40-0XB0,Exact catalog seed,1,Required,Required,Required,Required,Required,Download if available,Not applicable,https://www.siemens.com/cax,ControlForgeCAD Siemens S7-1200 2017 source snapshot,Source-backed; current lifecycle/CAD files need Siemens verification,Not started,
CAD-0004,PLC,CPU,Siemens,SIMATIC S7-1200 classic,CPU 1212FC DC/DC/DC,6ES7212-1AF40-0XB0,Exact catalog seed,1,Required,Required,Required,Required,Required,Download if available,Not applicable,https://www.siemens.com/cax,ControlForgeCAD Siemens S7-1200 2017 source snapshot,Source-backed; current lifecycle/CAD files need Siemens verification,Not started,
CAD-0005,PLC,CPU,Siemens,SIMATIC S7-1200 classic,CPU 1212C AC/DC/relay,6ES7212-1BE40-0XB0,Exact catalog seed,1,Required,Required,Required,Required,Required,Download if available,Not applicable,https://www.siemens.com/cax,ControlForgeCAD Siemens S7-1200 2017 source snapshot,Source-backed; current lifecycle/CAD files need Siemens verification,Not started,
CAD-0006,PLC,CPU,Siemens,SIMATIC S7-1200 classic,CPU 1214C DC/DC/relay,Siemens CPU 1214C DC/DC/relay,Configuration required,2,Required,Required,Required,Required,Required,Download if available,Not applicable,https://www.siemens.com/cax,User-requested library scope,Unselected; exact order number must be configured,Not started,Select exact supply/output variant.
CAD-0007,PLC,CPU,Siemens,SIMATIC S7-1200 classic,CPU 1215C DC/DC/relay,Siemens CPU 1215C DC/DC/relay,Configuration required,2,Required,Required,Required,Required,Required,Download if available,Not applicable,https://www.siemens.com/cax,User-requested library scope,Unselected; exact order number must be configured,Not started,Select exact supply/output variant.
CAD-0008,PLC,CPU,Siemens,SIMATIC S7-1200 G2,CPU 1212C G2 DC/DC/DC,Siemens CPU 1212C G2 DC/DC/DC,Configuration required,2,Required,Required,Required,Required,Required,Download if available,Not applicable,https://www.siemens.com/cax,User-requested library scope,Unselected; exact order number must be configured,Not started,Keep G2 assets and compatibility rules separate from classic S7-1200.
CAD-0009,PLC,CPU,Siemens,SIMATIC S7-1200 G2,CPU 1214C G2 DC/DC/DC,Siemens CPU 1214C G2 DC/DC/DC,Configuration required,2,Required,Required,Required,Required,Required,Download if available,Not applicable,https://www.siemens.com/cax,User-requested library scope,Unselected; exact order number must be configured,Not started,Keep G2 assets and compatibility rules separate from classic S7-1200.
CAD-0010,PLC,CPU,Siemens,SIMATIC S7-1200 G2,S7-1200 G2 F-CPU,Siemens S7-1200 G2 F-CPU,Configuration required,2,Required,Required,Required,Required,Required,Download if available,Not applicable,https://www.siemens.com/cax,User-requested library scope,Unselected; exact order number must be configured,Not started,Keep G2 assets and compatibility rules separate from classic S7-1200.
CAD-0011,PLC,Memory,Siemens,SIMATIC Memory Card,24 MB memory card,6ES7954-8LF03-0AA0,Exact catalog seed,1,Required,Required,Required,Required,Required,Download if available,Not applicable,https://www.siemens.com/cax,ControlForgeCAD Siemens S7-1200 2017 source snapshot,Source-backed; current lifecycle/CAD files need Siemens verification,Not started,
CAD-0012,PLC,Memory,Siemens,SIMATIC Memory Card,Additional supported capacities,Siemens 6ES7954 memory card,Configuration required,3,Required,Required,Required,Required,Required,Download if available,Not applicable,https://www.siemens.com/cax,User-requested library scope,Unselected; exact order number must be configured,Not started,
CAD-0013,PLC,Digital I/O,Siemens,SIMATIC S7-1200 SM,SM 1221 DI 8 24 VDC,6ES7221-1BF32-0XB0,Exact catalog seed,1,Required,Required,Required,Required,Required,Download if available,Not applicable,https://www.siemens.com/cax,ControlForgeCAD Siemens S7-1200 2017 source snapshot,Source-backed; current lifecycle/CAD files need Siemens verification,Not started,
CAD-0014,PLC,Digital I/O,Siemens,SIMATIC S7-1200 SM,SM 1221 DI 16 24 VDC,6ES7221-1BH32-0XB0,Exact catalog seed,1,Required,Required,Required,Required,Required,Download if available,Not applicable,https://www.siemens.com/cax,ControlForgeCAD Siemens S7-1200 2017 source snapshot,Source-backed; current lifecycle/CAD files need Siemens verification,Not started,
CAD-0015,PLC,Digital I/O,Siemens,SIMATIC S7-1200 SM,SM 1222 DQ 8 transistor,6ES7222-1BF32-0XB0,Exact catalog seed,1,Required,Required,Required,Required,Required,Download if available,Not applicable,https://www.siemens.com/cax,ControlForgeCAD Siemens S7-1200 2017 source snapshot,Source-backed; current lifecycle/CAD files need Siemens verification,Not started,
CAD-0016,PLC,Digital I/O,Siemens,SIMATIC S7-1200 SM,SM 1222 DQ 16 transistor,6ES7222-1BH32-0XB0,Exact catalog seed,1,Required,Required,Required,Required,Required,Download if available,Not applicable,https://www.siemens.com/cax,ControlForgeCAD Siemens S7-1200 2017 source snapshot,Source-backed; current lifecycle/CAD files need Siemens verification,Not started,
CAD-0017,PLC,Digital I/O,Siemens,SIMATIC S7-1200 SM,SM 1222 DQ 8 relay,6ES7222-1HF32-0XB0,Exact catalog seed,1,Required,Required,Required,Required,Required,Download if available,Not applicable,https://www.siemens.com/cax,ControlForgeCAD Siemens S7-1200 2017 source snapshot,Source-backed; current lifecycle/CAD files need Siemens verification,Not started,
CAD-0018,PLC,Digital I/O,Siemens,SIMATIC S7-1200 SM,SM 1222 DQ 16 relay,6ES7222-1HH32-0XB0,Exact catalog seed,1,Required,Required,Required,Required,Required,Download if available,Not applicable,https://www.siemens.com/cax,ControlForgeCAD Siemens S7-1200 2017 source snapshot,Source-backed; current lifecycle/CAD files need Siemens verification,Not started,
CAD-0019,PLC,Digital I/O,Siemens,SIMATIC S7-1200 SM,SM 1223 DI8/DQ8 transistor,6ES7223-1BH32-0XB0,Exact catalog seed,1,Required,Required,Required,Required,Required,Download if available,Not applicable,https://www.siemens.com/cax,ControlForgeCAD Siemens S7-1200 2017 source snapshot,Source-backed; current lifecycle/CAD files need Siemens verification,Not started,
CAD-0020,PLC,Digital I/O,Siemens,SIMATIC S7-1200 SM,SM 1223 DI16/DQ16 transistor,Siemens SM 1223 DI16 DQ16 S7-1200,Configuration required,2,Required,Required,Required,Required,Required,Download if available,Not applicable,https://www.siemens.com/cax,User-requested library scope,Unselected; exact order number must be configured,Not started,
CAD-0021,PLC,Analog and specialty I/O,Siemens,SIMATIC S7-1200 SM,SM 1231 AI 4 voltage/current,6ES7231-4HD32-0XB0,Exact catalog seed,1,Required,Required,Required,Required,Required,Download if available,Not applicable,https://www.siemens.com/cax,ControlForgeCAD Siemens S7-1200 2017 source snapshot,Source-backed; current lifecycle/CAD files need Siemens verification,Not started,
CAD-0022,PLC,Analog and specialty I/O,Siemens,SIMATIC S7-1200 SM,SM 1231 AI 8 voltage/current,6ES7231-4HF32-0XB0,Exact catalog seed,1,Required,Required,Required,Required,Required,Download if available,Not applicable,https://www.siemens.com/cax,ControlForgeCAD Siemens S7-1200 2017 source snapshot,Source-backed; current lifecycle/CAD files need Siemens verification,Not started,
CAD-0023,PLC,Analog and specialty I/O,Siemens,SIMATIC S7-1200 SM,SM 1231 RTD AI 4,6ES7231-5PD32-0XB0,Exact catalog seed,1,Required,Required,Required,Required,Required,Download if available,Not applicable,https://www.siemens.com/cax,ControlForgeCAD Siemens S7-1200 2017 source snapshot,Source-backed; current lifecycle/CAD files need Siemens verification,Not started,
CAD-0024,PLC,Analog and specialty I/O,Siemens,SIMATIC S7-1200 SM,SM 1231 RTD AI 8,6ES7231-5PF32-0XB0,Exact catalog seed,1,Required,Required,Required,Required,Required,Download if available,Not applicable,https://www.siemens.com/cax,ControlForgeCAD Siemens S7-1200 2017 source snapshot,Source-backed; current lifecycle/CAD files need Siemens verification,Not started,
CAD-0025,PLC,Analog and specialty I/O,Siemens,SIMATIC S7-1200 SM,SM 1231 TC AI 4,6ES7231-5QD32-0XB0,Exact catalog seed,1,Required,Required,Required,Required,Required,Download if available,Not applicable,https://www.siemens.com/cax,ControlForgeCAD Siemens S7-1200 2017 source snapshot,Source-backed; current lifecycle/CAD files need Siemens verification,Not started,
CAD-0026,PLC,Analog and specialty I/O,Siemens,SIMATIC S7-1200 SM,SM 1231 TC AI 8,6ES7231-5QF32-0XB0,Exact catalog seed,1,Required,Required,Required,Required,Required,Download if available,Not applicable,https://www.siemens.com/cax,ControlForgeCAD Siemens S7-1200 2017 source snapshot,Source-backed; current lifecycle/CAD files need Siemens verification,Not started,
CAD-0027,PLC,Analog and specialty I/O,Siemens,SIMATIC S7-1200 SM,SM 1232 AQ 2,6ES7232-4HB32-0XB0,Exact catalog seed,1,Required,Required,Required,Required,Required,Download if available,Not applicable,https://www.siemens.com/cax,ControlForgeCAD Siemens S7-1200 2017 source snapshot,Source-backed; current lifecycle/CAD files need Siemens verification,Not started,
CAD-0028,PLC,Analog and specialty I/O,Siemens,SIMATIC S7-1200 SM,SM 1232 AQ 4,6ES7232-4HD32-0XB0,Exact catalog seed,1,Required,Required,Required,Required,Required,Download if available,Not applicable,https://www.siemens.com/cax,ControlForgeCAD Siemens S7-1200 2017 source snapshot,Source-backed; current lifecycle/CAD files need Siemens verification,Not started,
CAD-0029,PLC,Analog and specialty I/O,Siemens,SIMATIC S7-1200 SM,SM 1234 AI4/AQ2,6ES7234-4HE32-0XB0,Exact catalog seed,1,Required,Required,Required,Required,Required,Download if available,Not applicable,https://www.siemens.com/cax,ControlForgeCAD Siemens S7-1200 2017 source snapshot,Source-backed; current lifecycle/CAD files need Siemens verification,Not started,
CAD-0030,PLC,Analog and specialty I/O,Siemens,SIMATIC S7-1200 SM,SM 1278 IO-Link Master,6ES7278-4BD32-0XB0,Exact catalog seed,1,Required,Required,Required,Required,Required,Download if available,Not applicable,https://www.siemens.com/cax,ControlForgeCAD Siemens S7-1200 2017 source snapshot,Source-backed; current lifecycle/CAD files need Siemens verification,Not started,
CAD-0031,Safety PLC,Fail-safe I/O,Siemens,SIMATIC S7-1200 F-I/O,SM 1226 F-DI 16,6ES7226-6BA32-0XB0,Exact catalog seed,1,Required,Required,Required,Required,Required,Download if available,Not applicable,https://www.siemens.com/cax,ControlForgeCAD Siemens S7-1200 2017 source snapshot,Source-backed; current lifecycle/CAD files need Siemens verification,Not started,Safety classification and approvals must be verified; no automatic substitution.
CAD-0032,Safety PLC,Fail-safe I/O,Siemens,SIMATIC S7-1200 F-I/O,SM 1226 F-DQ 4 24 VDC,6ES7226-6DA32-0XB0,Exact catalog seed,1,Required,Required,Required,Required,Required,Download if available,Not applicable,https://www.siemens.com/cax,ControlForgeCAD Siemens S7-1200 2017 source snapshot,Source-backed; current lifecycle/CAD files need Siemens verification,Not started,Safety classification and approvals must be verified; no automatic substitution.
CAD-0033,Safety PLC,Fail-safe I/O,Siemens,SIMATIC S7-1200 F-I/O,SM 1226 F-DQ relay 2,6ES7226-6RA32-0XB0,Exact catalog seed,1,Required,Required,Required,Required,Required,Download if available,Not applicable,https://www.siemens.com/cax,ControlForgeCAD Siemens S7-1200 2017 source snapshot,Source-backed; current lifecycle/CAD files need Siemens verification,Not started,Safety classification and approvals must be verified; no automatic substitution.
CAD-0034,Network,Communications,Siemens,SIMATIC NET/S7-1200,CM 1241 RS-422/485,6ES7241-1CH32-0XB0,Exact catalog seed,1,Required,Required,Required,Required,Required,Download if available,Not applicable,https://www.siemens.com/cax,ControlForgeCAD Siemens S7-1200 2017 source snapshot,Source-backed; current lifecycle/CAD files need Siemens verification,Not started,
CAD-0035,Network,Communications,Siemens,SIMATIC NET/S7-1200,CM 1241 RS-232,6ES7241-1AH32-0XB0,Exact catalog seed,1,Required,Required,Required,Required,Required,Download if available,Not applicable,https://www.siemens.com/cax,ControlForgeCAD Siemens S7-1200 2017 source snapshot,Source-backed; current lifecycle/CAD files need Siemens verification,Not started,
CAD-0036,Network,Communications,Siemens,SIMATIC NET/S7-1200,CP 1243-1 Security,6GK7243-1BX30-0XE0,Exact catalog seed,1,Required,Required,Required,Required,Required,Download if available,Not applicable,https://www.siemens.com/cax,ControlForgeCAD Siemens S7-1200 2017 source snapshot,Source-backed; current lifecycle/CAD files need Siemens verification,Not started,
CAD-0037,Network,Communications,Siemens,SIMATIC NET/S7-1200,CM 1242-5 PROFIBUS DP slave,6GK7242-5DX30-0XE0,Exact catalog seed,1,Required,Required,Required,Required,Required,Download if available,Not applicable,https://www.siemens.com/cax,ControlForgeCAD Siemens S7-1200 2017 source snapshot,Source-backed; current lifecycle/CAD files need Siemens verification,Not started,
CAD-0038,Network,Communications,Siemens,SIMATIC NET/S7-1200,CSM 1277 unmanaged Ethernet switch,6GK7277-1AA10-0AA0,Exact catalog seed,1,Required,Required,Required,Required,Required,Download if available,Not applicable,https://www.siemens.com/cax,ControlForgeCAD Siemens S7-1200 2017 source snapshot,Source-backed; current lifecycle/CAD files need Siemens verification,Not started,
CAD-0039,Network,Industrial Ethernet,Siemens,SIMATIC NET,SCALANCE XB005 unmanaged switch,Siemens SCALANCE XB005,Configuration required,2,Required,Required,Required,Required,Required,Download if available,Not applicable,https://www.siemens.com/cax,User-requested library scope,Unselected; exact order number must be configured,Not started,
CAD-0040,Network,Industrial Ethernet,Siemens,SIMATIC NET,SCALANCE XB008 unmanaged switch,Siemens SCALANCE XB008,Configuration required,2,Required,Required,Required,Required,Required,Download if available,Not applicable,https://www.siemens.com/cax,User-requested library scope,Unselected; exact order number must be configured,Not started,
CAD-0041,Network,Industrial Ethernet,Siemens,SIMATIC NET,SCALANCE XC managed switch,Siemens SCALANCE XC managed switch,Configuration required,2,Required,Required,Required,Required,Required,Download if available,Not applicable,https://www.siemens.com/cax,User-requested library scope,Unselected; exact order number must be configured,Not started,
CAD-0042,Network,Industrial Ethernet,Siemens,SIMATIC NET,IE FC RJ45 field plug,Siemens IE FC RJ45 Plug,Configuration required,2,Required,Required,Required,Required,Required,Download if available,Required,https://www.siemens.com/cax,User-requested library scope,Unselected; exact order number must be configured,Not started,
CAD-0043,Network,Industrial Ethernet,Siemens,SIMATIC NET,PROFINET M12 connector,Siemens IE M12 PROFINET,Configuration required,2,Required,Required,Required,Required,Required,Download if available,Required,https://www.siemens.com/cax,User-requested library scope,Unselected; exact order number must be configured,Not started,
CAD-0044,Network,Industrial Ethernet,Siemens,SIMATIC NET,SIMATIC NET IE FC cable,Siemens SIMATIC NET IE FC cable,Configuration required,2,Required,Required,Required,Required,Required,Download if available,Required,https://www.siemens.com/cax,User-requested library scope,Unselected; exact order number must be configured,Not started,
CAD-0045,Panel power,Power supply,Siemens,SIMATIC PM 1207,PM 1207 power supply,6EP1332-1SH71,Exact catalog seed,1,Required,Required,Required,Required,Required,Download if available,Not applicable,https://www.siemens.com/cax,ControlForgeCAD Siemens S7-1200 2017 source snapshot,Source-backed; current lifecycle/CAD files need Siemens verification,Not started,
CAD-0046,Panel power,Power supply,Siemens,SITOP,SITOP PSU6200 24 VDC power supply,Siemens SITOP PSU6200 24 VDC power supply,Configuration required,1,Required,Required,Required,Required,Required,Download if available,Not applicable,https://www.siemens.com/cax,User-requested library scope,Unselected; exact order number must be configured,Not started,"Select exact input voltage, output current, approvals, and redundancy/selectivity configuration."
CAD-0047,Panel power,Power supply,Siemens,SITOP,SITOP PSU8200 24 VDC power supply,Siemens SITOP PSU8200 24 VDC power supply,Configuration required,1,Required,Required,Required,Required,Required,Download if available,Not applicable,https://www.siemens.com/cax,User-requested library scope,Unselected; exact order number must be configured,Not started,"Select exact input voltage, output current, approvals, and redundancy/selectivity configuration."
CAD-0048,Panel power,Power supply,Siemens,SITOP,SITOP PSE202U redundancy module,Siemens SITOP PSE202U redundancy module,Configuration required,1,Required,Required,Required,Required,Required,Download if available,Not applicable,https://www.siemens.com/cax,User-requested library scope,Unselected; exact order number must be configured,Not started,"Select exact input voltage, output current, approvals, and redundancy/selectivity configuration."
CAD-0049,Panel power,Power supply,Siemens,SITOP,SITOP PSE200U selectivity module,Siemens SITOP PSE200U selectivity module,Configuration required,1,Required,Required,Required,Required,Required,Download if available,Not applicable,https://www.siemens.com/cax,User-requested library scope,Unselected; exact order number must be configured,Not started,"Select exact input voltage, output current, approvals, and redundancy/selectivity configuration."
CAD-0050,Panel mains,Main disconnect,Siemens,SENTRON 3LD2,Switch disconnector,Siemens SENTRON 3LD2 Switch disconnector,Configuration required,1,Required,Required,Required,Required,Required,Download if available,Not applicable,https://www.siemens.com/cax,User-requested library scope,Unselected; exact order number must be configured,Not started,"Select exact poles, current, voltage, SCCR/interrupting rating, handle, shaft length, and enclosure arrangement."
CAD-0051,Panel mains,Main disconnect,Siemens,SENTRON 3LD2,Door-coupling rotary handle,Siemens SENTRON 3LD2 Door-coupling rotary handle,Configuration required,1,Required,Required,Required,Required,Required,Download if available,Not applicable,https://www.siemens.com/cax,User-requested library scope,Unselected; exact order number must be configured,Not started,"Select exact poles, current, voltage, SCCR/interrupting rating, handle, shaft length, and enclosure arrangement."
CAD-0052,Panel mains,Main disconnect,Siemens,SENTRON 3LD2,Extension shaft and shaft coupler,Siemens SENTRON 3LD2 Extension shaft and shaft coupler,Configuration required,1,Required,Required,Required,Required,Required,Download if available,Not applicable,https://www.siemens.com/cax,User-requested library scope,Unselected; exact order number must be configured,Not started,"Select exact poles, current, voltage, SCCR/interrupting rating, handle, shaft length, and enclosure arrangement."
CAD-0053,Panel mains,Main disconnect,Siemens,SENTRON 3LD2,Padlockable door interlock mechanism,Siemens SENTRON 3LD2 Padlockable door interlock mechanism,Configuration required,1,Required,Required,Required,Required,Required,Download if available,Not applicable,https://www.siemens.com/cax,User-requested library scope,Unselected; exact order number must be configured,Not started,"Select exact poles, current, voltage, SCCR/interrupting rating, handle, shaft length, and enclosure arrangement."
CAD-0054,Panel mains,Main disconnect,Siemens,SENTRON 3LD2,Auxiliary contact,Siemens SENTRON 3LD2 Auxiliary contact,Configuration required,1,Required,Required,Required,Required,Required,Download if available,Not applicable,https://www.siemens.com/cax,User-requested library scope,Unselected; exact order number must be configured,Not started,"Select exact poles, current, voltage, SCCR/interrupting rating, handle, shaft length, and enclosure arrangement."
CAD-0055,Panel mains,Main disconnect,Siemens,SENTRON 3LD2,Terminal cover,Siemens SENTRON 3LD2 Terminal cover,Configuration required,1,Required,Required,Required,Required,Required,Download if available,Not applicable,https://www.siemens.com/cax,User-requested library scope,Unselected; exact order number must be configured,Not started,"Select exact poles, current, voltage, SCCR/interrupting rating, handle, shaft length, and enclosure arrangement."
CAD-0056,Panel mains,Main disconnect,Siemens,SENTRON 3VA,Molded-case circuit breaker,Siemens SENTRON 3VA Molded-case circuit breaker,Configuration required,1,Required,Required,Required,Required,Required,Download if available,Not applicable,https://www.siemens.com/cax,User-requested library scope,Unselected; exact order number must be configured,Not started,"Select exact poles, current, voltage, SCCR/interrupting rating, handle, shaft length, and enclosure arrangement."
CAD-0057,Panel mains,Main disconnect,Siemens,SENTRON 3VA,Door-coupling operator and shaft,Siemens SENTRON 3VA Door-coupling operator and shaft,Configuration required,1,Required,Required,Required,Required,Required,Download if available,Not applicable,https://www.siemens.com/cax,User-requested library scope,Unselected; exact order number must be configured,Not started,"Select exact poles, current, voltage, SCCR/interrupting rating, handle, shaft length, and enclosure arrangement."
CAD-0058,Panel protection,Overcurrent and surge protection,Siemens,SENTRON 5SY,Miniature circuit breaker,Siemens SENTRON 5SY Miniature circuit breaker,Configuration required,1,Required,Required,Required,Required,Required,Download if available,Not applicable,https://www.siemens.com/cax,User-requested library scope,Unselected; exact order number must be configured,Not started,"Select exact voltage, current, trip/fuse class, interrupting rating, poles, and approvals."
CAD-0059,Panel protection,Overcurrent and surge protection,Siemens,SENTRON 3VA,Molded-case circuit breaker,Siemens SENTRON 3VA Molded-case circuit breaker,Configuration required,1,Required,Required,Required,Required,Required,Download if available,Not applicable,https://www.siemens.com/cax,User-requested library scope,Unselected; exact order number must be configured,Not started,"Select exact voltage, current, trip/fuse class, interrupting rating, poles, and approvals."
CAD-0060,Panel protection,Overcurrent and surge protection,Siemens,SIRIUS 3RV2,Motor starter protector,Siemens SIRIUS 3RV2 Motor starter protector,Configuration required,1,Required,Required,Required,Required,Required,Download if available,Not applicable,https://www.siemens.com/cax,User-requested library scope,Unselected; exact order number must be configured,Not started,"Select exact voltage, current, trip/fuse class, interrupting rating, poles, and approvals."
CAD-0061,Panel protection,Overcurrent and surge protection,Siemens,SENTRON 3NA,NH fuse,Siemens SENTRON 3NA NH fuse,Configuration required,1,Required,Required,Required,Required,Required,Download if available,Not applicable,https://www.siemens.com/cax,User-requested library scope,Unselected; exact order number must be configured,Not started,"Select exact voltage, current, trip/fuse class, interrupting rating, poles, and approvals."
CAD-0062,Panel protection,Overcurrent and surge protection,Siemens,SITOR 3NE,Semiconductor-protection fuse,Siemens SITOR 3NE Semiconductor-protection fuse,Configuration required,1,Required,Required,Required,Required,Required,Download if available,Not applicable,https://www.siemens.com/cax,User-requested library scope,Unselected; exact order number must be configured,Not started,"Select exact voltage, current, trip/fuse class, interrupting rating, poles, and approvals."
CAD-0063,Panel protection,Overcurrent and surge protection,Siemens,SENTRON 3NP,Fuse switch disconnector,Siemens SENTRON 3NP Fuse switch disconnector,Configuration required,1,Required,Required,Required,Required,Required,Download if available,Not applicable,https://www.siemens.com/cax,User-requested library scope,Unselected; exact order number must be configured,Not started,"Select exact voltage, current, trip/fuse class, interrupting rating, poles, and approvals."
CAD-0064,Panel protection,Overcurrent and surge protection,Siemens,SENTRON 3NW,Cylindrical fuse holder and fuse,Siemens SENTRON 3NW Cylindrical fuse holder and fuse,Configuration required,1,Required,Required,Required,Required,Required,Download if available,Not applicable,https://www.siemens.com/cax,User-requested library scope,Unselected; exact order number must be configured,Not started,"Select exact voltage, current, trip/fuse class, interrupting rating, poles, and approvals."
CAD-0065,Panel protection,Overcurrent and surge protection,Siemens,SENTRON 5SD7,Surge-protection device,Siemens SENTRON 5SD7 Surge-protection device,Configuration required,1,Required,Required,Required,Required,Required,Download if available,Not applicable,https://www.siemens.com/cax,User-requested library scope,Unselected; exact order number must be configured,Not started,"Select exact voltage, current, trip/fuse class, interrupting rating, poles, and approvals."
CAD-0066,Motor control,Contactors and overloads,Siemens,SIRIUS 3RT2/3RT7,Motor contactor,Siemens SIRIUS 3RT2/3RT7 Motor contactor,Configuration required,1,Required,Required,Required,Required,Required,Download if available,Not applicable,https://www.siemens.com/cax,User-requested library scope,Unselected; exact order number must be configured,Not started,"Select using motor FLA, line voltage, utilization category, coil voltage, SCCR, and coordination type."
CAD-0067,Motor control,Contactors and overloads,Siemens,SIRIUS 3RA,Reversing contactor assembly,Siemens SIRIUS 3RA Reversing contactor assembly,Configuration required,1,Required,Required,Required,Required,Required,Download if available,Not applicable,https://www.siemens.com/cax,User-requested library scope,Unselected; exact order number must be configured,Not started,"Select using motor FLA, line voltage, utilization category, coil voltage, SCCR, and coordination type."
CAD-0068,Motor control,Contactors and overloads,Siemens,SIRIUS 3RA,Star-delta starter assembly,Siemens SIRIUS 3RA Star-delta starter assembly,Configuration required,1,Required,Required,Required,Required,Required,Download if available,Not applicable,https://www.siemens.com/cax,User-requested library scope,Unselected; exact order number must be configured,Not started,"Select using motor FLA, line voltage, utilization category, coil voltage, SCCR, and coordination type."
CAD-0069,Motor control,Contactors and overloads,Siemens,SIRIUS 3RH2/3RH7,Intermediate/control relay,Siemens SIRIUS 3RH2/3RH7 Intermediate/control relay,Configuration required,1,Required,Required,Required,Required,Required,Download if available,Not applicable,https://www.siemens.com/cax,User-requested library scope,Unselected; exact order number must be configured,Not started,"Select using motor FLA, line voltage, utilization category, coil voltage, SCCR, and coordination type."
CAD-0070,Motor control,Contactors and overloads,Siemens,SIRIUS 3RU2/3RU7,Thermal overload relay,Siemens SIRIUS 3RU2/3RU7 Thermal overload relay,Configuration required,1,Required,Required,Required,Required,Required,Download if available,Not applicable,https://www.siemens.com/cax,User-requested library scope,Unselected; exact order number must be configured,Not started,"Select using motor FLA, line voltage, utilization category, coil voltage, SCCR, and coordination type."
CAD-0071,Motor control,Contactors and overloads,Siemens,SIRIUS 3RB3,Electronic overload relay,Siemens SIRIUS 3RB3 Electronic overload relay,Configuration required,1,Required,Required,Required,Required,Required,Download if available,Not applicable,https://www.siemens.com/cax,User-requested library scope,Unselected; exact order number must be configured,Not started,"Select using motor FLA, line voltage, utilization category, coil voltage, SCCR, and coordination type."
CAD-0072,Motor control,Contactors and overloads,Siemens,SIRIUS 3RA6,Compact starter,Siemens SIRIUS 3RA6 Compact starter,Configuration required,1,Required,Required,Required,Required,Required,Download if available,Not applicable,https://www.siemens.com/cax,User-requested library scope,Unselected; exact order number must be configured,Not started,"Select using motor FLA, line voltage, utilization category, coil voltage, SCCR, and coordination type."
CAD-0073,Motor control,Contactors and overloads,Siemens,SIRIUS 3RQ3,Coupling/interface relay,Siemens SIRIUS 3RQ3 Coupling/interface relay,Configuration required,1,Required,Required,Required,Required,Required,Download if available,Not applicable,https://www.siemens.com/cax,User-requested library scope,Unselected; exact order number must be configured,Not started,"Select using motor FLA, line voltage, utilization category, coil voltage, SCCR, and coordination type."
CAD-0074,Motor control,Contactors and overloads,Siemens,SIRIUS,Auxiliary contact block,Siemens SIRIUS Auxiliary contact block,Configuration required,1,Required,Required,Required,Required,Required,Download if available,Not applicable,https://www.siemens.com/cax,User-requested library scope,Unselected; exact order number must be configured,Not started,"Select using motor FLA, line voltage, utilization category, coil voltage, SCCR, and coordination type."
CAD-0075,Motor control,Contactors and overloads,Siemens,SIRIUS,Coil surge suppressor,Siemens SIRIUS Coil surge suppressor,Configuration required,1,Required,Required,Required,Required,Required,Download if available,Not applicable,https://www.siemens.com/cax,User-requested library scope,Unselected; exact order number must be configured,Not started,"Select using motor FLA, line voltage, utilization category, coil voltage, SCCR, and coordination type."
CAD-0076,Motor control,Contactors and overloads,Siemens,SIRIUS,Mechanical/electrical interlock,Siemens SIRIUS Mechanical/electrical interlock,Configuration required,1,Required,Required,Required,Required,Required,Download if available,Not applicable,https://www.siemens.com/cax,User-requested library scope,Unselected; exact order number must be configured,Not started,"Select using motor FLA, line voltage, utilization category, coil voltage, SCCR, and coordination type."
CAD-0077,Motor control,Contactors and overloads,Siemens,SIRIUS,Busbar or link module,Siemens SIRIUS Busbar or link module,Configuration required,1,Required,Required,Required,Required,Required,Download if available,Not applicable,https://www.siemens.com/cax,User-requested library scope,Unselected; exact order number must be configured,Not started,"Select using motor FLA, line voltage, utilization category, coil voltage, SCCR, and coordination type."
CAD-0078,Machine safety,Safety control,Siemens,SIRIUS 3SK1/3SK2,24 VDC safety relay,Siemens SIRIUS 3SK1/3SK2 24 VDC safety relay,Configuration required,1,Required,Required,Required,Required,Required,Download if available,Not applicable,https://www.siemens.com/cax,User-requested library scope,Unselected; exact order number must be configured,Not started,Exact architecture requires a documented machine risk assessment and safety validation.
CAD-0079,Machine safety,Safety control,Siemens,SIRIUS 3SK,Safety output expansion module,Siemens SIRIUS 3SK Safety output expansion module,Configuration required,1,Required,Required,Required,Required,Required,Download if available,Not applicable,https://www.siemens.com/cax,User-requested library scope,Unselected; exact order number must be configured,Not started,Exact architecture requires a documented machine risk assessment and safety validation.
CAD-0080,Machine safety,Safety control,Siemens,SIRIUS 3SK,Device connector or wiring base,Siemens SIRIUS 3SK Device connector or wiring base,Configuration required,1,Required,Required,Required,Required,Required,Download if available,Not applicable,https://www.siemens.com/cax,User-requested library scope,Unselected; exact order number must be configured,Not started,Exact architecture requires a documented machine risk assessment and safety validation.
CAD-0081,Machine safety,Safety control,Siemens,SIRIUS 3RT,Safety contactor 1,Siemens SIRIUS 3RT Safety contactor 1,Configuration required,1,Required,Required,Required,Required,Required,Download if available,Not applicable,https://www.siemens.com/cax,User-requested library scope,Unselected; exact order number must be configured,Not started,Exact architecture requires a documented machine risk assessment and safety validation.
CAD-0082,Machine safety,Safety control,Siemens,SIRIUS 3RT,Safety contactor 2,Siemens SIRIUS 3RT Safety contactor 2,Configuration required,1,Required,Required,Required,Required,Required,Download if available,Not applicable,https://www.siemens.com/cax,User-requested library scope,Unselected; exact order number must be configured,Not started,Exact architecture requires a documented machine risk assessment and safety validation.
CAD-0083,Machine safety,Safety control,Siemens,SIRIUS,Positively guided feedback contacts,Siemens SIRIUS Positively guided feedback contacts,Configuration required,1,Required,Required,Required,Required,Required,Download if available,Not applicable,https://www.siemens.com/cax,User-requested library scope,Unselected; exact order number must be configured,Not started,Exact architecture requires a documented machine risk assessment and safety validation.
CAD-0084,Machine safety,Safety control,Siemens,SIRIUS,Safety contactor surge suppressor,Siemens SIRIUS Safety contactor surge suppressor,Configuration required,1,Required,Required,Required,Required,Required,Download if available,Not applicable,https://www.siemens.com/cax,User-requested library scope,Unselected; exact order number must be configured,Not started,Exact architecture requires a documented machine risk assessment and safety validation.
CAD-0085,Machine safety,Safety control,Siemens,SIRIUS ACT 3SU1,Manual safety reset button,Siemens SIRIUS ACT 3SU1 Manual safety reset button,Configuration required,1,Required,Required,Required,Required,Required,Download if available,Not applicable,https://www.siemens.com/cax,User-requested library scope,Unselected; exact order number must be configured,Not started,Exact architecture requires a documented machine risk assessment and safety validation.
CAD-0086,Machine safety,Safety control,Siemens,SIRIUS ACT 3SU1,Key-operated safety reset,Siemens SIRIUS ACT 3SU1 Key-operated safety reset,Configuration required,1,Required,Required,Required,Required,Required,Download if available,Not applicable,https://www.siemens.com/cax,User-requested library scope,Unselected; exact order number must be configured,Not started,Exact architecture requires a documented machine risk assessment and safety validation.
CAD-0087,Panel wiring,Terminal strip,Siemens,8WH terminal blocks,Feed-through terminal,Siemens 8WH Feed-through terminal,Configuration required,1,Required,Required,Required,Required,Required,Download if available,Not applicable,https://www.siemens.com/cax,User-requested library scope,Unselected; exact order number must be configured,Not started,Multilevel terminals require a separate identity and connection-point map for every level.
CAD-0088,Panel wiring,Terminal strip,Siemens,8WH terminal blocks,Two-level terminal,Siemens 8WH Two-level terminal,Configuration required,1,Required,Required,Required,Required,Required,Download if available,Not applicable,https://www.siemens.com/cax,User-requested library scope,Unselected; exact order number must be configured,Not started,Multilevel terminals require a separate identity and connection-point map for every level.
CAD-0089,Panel wiring,Terminal strip,Siemens,8WH terminal blocks,Three-level terminal,Siemens 8WH Three-level terminal,Configuration required,1,Required,Required,Required,Required,Required,Download if available,Not applicable,https://www.siemens.com/cax,User-requested library scope,Unselected; exact order number must be configured,Not started,Multilevel terminals require a separate identity and connection-point map for every level.
CAD-0090,Panel wiring,Terminal strip,Siemens,8WH terminal blocks,PE/ground terminal,Siemens 8WH PE/ground terminal,Configuration required,1,Required,Required,Required,Required,Required,Download if available,Not applicable,https://www.siemens.com/cax,User-requested library scope,Unselected; exact order number must be configured,Not started,Multilevel terminals require a separate identity and connection-point map for every level.
CAD-0091,Panel wiring,Terminal strip,Siemens,8WH terminal blocks,Neutral terminal,Siemens 8WH Neutral terminal,Configuration required,1,Required,Required,Required,Required,Required,Download if available,Not applicable,https://www.siemens.com/cax,User-requested library scope,Unselected; exact order number must be configured,Not started,Multilevel terminals require a separate identity and connection-point map for every level.
CAD-0092,Panel wiring,Terminal strip,Siemens,8WH terminal blocks,Disconnect/knife terminal,Siemens 8WH Disconnect/knife terminal,Configuration required,1,Required,Required,Required,Required,Required,Download if available,Not applicable,https://www.siemens.com/cax,User-requested library scope,Unselected; exact order number must be configured,Not started,Multilevel terminals require a separate identity and connection-point map for every level.
CAD-0093,Panel wiring,Terminal strip,Siemens,8WH terminal blocks,Fused terminal,Siemens 8WH Fused terminal,Configuration required,1,Required,Required,Required,Required,Required,Download if available,Not applicable,https://www.siemens.com/cax,User-requested library scope,Unselected; exact order number must be configured,Not started,Multilevel terminals require a separate identity and connection-point map for every level.
CAD-0094,Panel wiring,Terminal strip,Siemens,8WH terminal blocks,Sensor/actuator distribution terminal,Siemens 8WH Sensor/actuator distribution terminal,Configuration required,1,Required,Required,Required,Required,Required,Download if available,Not applicable,https://www.siemens.com/cax,User-requested library scope,Unselected; exact order number must be configured,Not started,Multilevel terminals require a separate identity and connection-point map for every level.
CAD-0095,Panel wiring,Terminal strip,Siemens,8WH terminal blocks,Thermocouple terminal,Siemens 8WH Thermocouple terminal,Configuration required,1,Required,Required,Required,Required,Required,Download if available,Not applicable,https://www.siemens.com/cax,User-requested library scope,Unselected; exact order number must be configured,Not started,Multilevel terminals require a separate identity and connection-point map for every level.
CAD-0096,Panel wiring,Terminal strip,Siemens,8WH terminal blocks,Shield connection terminal,Siemens 8WH Shield connection terminal,Configuration required,1,Required,Required,Required,Required,Required,Download if available,Not applicable,https://www.siemens.com/cax,User-requested library scope,Unselected; exact order number must be configured,Not started,Multilevel terminals require a separate identity and connection-point map for every level.
CAD-0097,Panel wiring,Terminal strip,Siemens,8WH terminal blocks,End plate,Siemens 8WH End plate,Configuration required,1,Required,Required,Required,Required,Required,Download if available,Not applicable,https://www.siemens.com/cax,User-requested library scope,Unselected; exact order number must be configured,Not started,Multilevel terminals require a separate identity and connection-point map for every level.
CAD-0098,Panel wiring,Terminal strip,Siemens,8WH terminal blocks,End bracket/stop,Siemens 8WH End bracket/stop,Configuration required,1,Required,Required,Required,Required,Required,Download if available,Not applicable,https://www.siemens.com/cax,User-requested library scope,Unselected; exact order number must be configured,Not started,Multilevel terminals require a separate identity and connection-point map for every level.
CAD-0099,Panel wiring,Terminal strip,Siemens,8WH terminal blocks,Partition plate,Siemens 8WH Partition plate,Configuration required,1,Required,Required,Required,Required,Required,Download if available,Not applicable,https://www.siemens.com/cax,User-requested library scope,Unselected; exact order number must be configured,Not started,Multilevel terminals require a separate identity and connection-point map for every level.
CAD-0100,Panel wiring,Terminal strip,Siemens,8WH terminal blocks,Fixed bridge,Siemens 8WH Fixed bridge,Configuration required,1,Required,Required,Required,Required,Required,Download if available,Not applicable,https://www.siemens.com/cax,User-requested library scope,Unselected; exact order number must be configured,Not started,Multilevel terminals require a separate identity and connection-point map for every level.
CAD-0101,Panel wiring,Terminal strip,Siemens,8WH terminal blocks,Plug-in bridge,Siemens 8WH Plug-in bridge,Configuration required,1,Required,Required,Required,Required,Required,Download if available,Not applicable,https://www.siemens.com/cax,User-requested library scope,Unselected; exact order number must be configured,Not started,Multilevel terminals require a separate identity and connection-point map for every level.
CAD-0102,Panel wiring,Terminal strip,Siemens,8WH terminal blocks,Test plug/socket,Siemens 8WH Test plug/socket,Configuration required,1,Required,Required,Required,Required,Required,Download if available,Not applicable,https://www.siemens.com/cax,User-requested library scope,Unselected; exact order number must be configured,Not started,Multilevel terminals require a separate identity and connection-point map for every level.
CAD-0103,Panel wiring,Terminal strip,Siemens,8WH terminal blocks,Marker carrier and terminal marker,Siemens 8WH Marker carrier and terminal marker,Configuration required,1,Required,Required,Required,Required,Required,Download if available,Not applicable,https://www.siemens.com/cax,User-requested library scope,Unselected; exact order number must be configured,Not started,Multilevel terminals require a separate identity and connection-point map for every level.
CAD-0104,Panel wiring,Terminal strip,Siemens,8WH terminal blocks,Group marker,Siemens 8WH Group marker,Configuration required,1,Required,Required,Required,Required,Required,Download if available,Not applicable,https://www.siemens.com/cax,User-requested library scope,Unselected; exact order number must be configured,Not started,Multilevel terminals require a separate identity and connection-point map for every level.
CAD-0105,Panel wiring,Terminal strip,Siemens,8WH terminal blocks,Shield busbar and clamp,Siemens 8WH Shield busbar and clamp,Configuration required,1,Required,Required,Required,Required,Required,Download if available,Not applicable,https://www.siemens.com/cax,User-requested library scope,Unselected; exact order number must be configured,Not started,Multilevel terminals require a separate identity and connection-point map for every level.
CAD-0106,Panel wiring,Wire duct and tray,Vendor neutral,Project-selected routing hardware,Slotted wiring duct,Slotted wiring duct,Configuration required,1,Required,Required,Not applicable,Not applicable,Not applicable,Not applicable,Required,,User-requested library scope,Unselected; exact order number must be configured,Not started,"Select a real Panduit, Phoenix Contact, Weidmuller, nVent HOFFMAN, Iboco, or Legrand family; do not ship generic geometry as a procured part."
CAD-0107,Panel wiring,Wire duct and tray,Vendor neutral,Project-selected routing hardware,Solid-wall wiring duct,Solid-wall wiring duct,Configuration required,1,Required,Required,Not applicable,Not applicable,Not applicable,Not applicable,Required,,User-requested library scope,Unselected; exact order number must be configured,Not started,"Select a real Panduit, Phoenix Contact, Weidmuller, nVent HOFFMAN, Iboco, or Legrand family; do not ship generic geometry as a procured part."
CAD-0108,Panel wiring,Wire duct and tray,Vendor neutral,Project-selected routing hardware,Wiring duct cover,Wiring duct cover,Configuration required,1,Required,Required,Not applicable,Not applicable,Not applicable,Not applicable,Required,,User-requested library scope,Unselected; exact order number must be configured,Not started,"Select a real Panduit, Phoenix Contact, Weidmuller, nVent HOFFMAN, Iboco, or Legrand family; do not ship generic geometry as a procured part."
CAD-0109,Panel wiring,Wire duct and tray,Vendor neutral,Project-selected routing hardware,Horizontal duct,Horizontal duct,Configuration required,1,Required,Required,Not applicable,Not applicable,Not applicable,Not applicable,Required,,User-requested library scope,Unselected; exact order number must be configured,Not started,"Select a real Panduit, Phoenix Contact, Weidmuller, nVent HOFFMAN, Iboco, or Legrand family; do not ship generic geometry as a procured part."
CAD-0110,Panel wiring,Wire duct and tray,Vendor neutral,Project-selected routing hardware,Vertical duct,Vertical duct,Configuration required,1,Required,Required,Not applicable,Not applicable,Not applicable,Not applicable,Required,,User-requested library scope,Unselected; exact order number must be configured,Not started,"Select a real Panduit, Phoenix Contact, Weidmuller, nVent HOFFMAN, Iboco, or Legrand family; do not ship generic geometry as a procured part."
CAD-0111,Panel wiring,Wire duct and tray,Vendor neutral,Project-selected routing hardware,DIN rail 35 x 7.5 mm,DIN rail 35 x 7.5 mm,Configuration required,1,Required,Required,Not applicable,Not applicable,Not applicable,Not applicable,Required,,User-requested library scope,Unselected; exact order number must be configured,Not started,"Select a real Panduit, Phoenix Contact, Weidmuller, nVent HOFFMAN, Iboco, or Legrand family; do not ship generic geometry as a procured part."
CAD-0112,Panel wiring,Wire duct and tray,Vendor neutral,Project-selected routing hardware,DIN rail 35 x 15 mm,DIN rail 35 x 15 mm,Configuration required,1,Required,Required,Not applicable,Not applicable,Not applicable,Not applicable,Required,,User-requested library scope,Unselected; exact order number must be configured,Not started,"Select a real Panduit, Phoenix Contact, Weidmuller, nVent HOFFMAN, Iboco, or Legrand family; do not ship generic geometry as a procured part."
CAD-0113,Panel wiring,Wire duct and tray,Vendor neutral,Project-selected routing hardware,Mounting channel,Mounting channel,Configuration required,1,Required,Required,Not applicable,Not applicable,Not applicable,Not applicable,Required,,User-requested library scope,Unselected; exact order number must be configured,Not started,"Select a real Panduit, Phoenix Contact, Weidmuller, nVent HOFFMAN, Iboco, or Legrand family; do not ship generic geometry as a procured part."
CAD-0114,Panel wiring,Wire duct and tray,Vendor neutral,Project-selected routing hardware,Cable tray or ladder tray,Cable tray or ladder tray,Configuration required,1,Required,Required,Not applicable,Not applicable,Not applicable,Not applicable,Required,,User-requested library scope,Unselected; exact order number must be configured,Not started,"Select a real Panduit, Phoenix Contact, Weidmuller, nVent HOFFMAN, Iboco, or Legrand family; do not ship generic geometry as a procured part."
CAD-0115,Panel wiring,Wire duct and tray,Vendor neutral,Project-selected routing hardware,Wireway,Wireway,Configuration required,1,Required,Required,Not applicable,Not applicable,Not applicable,Not applicable,Required,,User-requested library scope,Unselected; exact order number must be configured,Not started,"Select a real Panduit, Phoenix Contact, Weidmuller, nVent HOFFMAN, Iboco, or Legrand family; do not ship generic geometry as a procured part."
CAD-0116,Panel wiring,Wire duct and tray,Vendor neutral,Project-selected routing hardware,Bend,Bend,Configuration required,1,Required,Required,Not applicable,Not applicable,Not applicable,Not applicable,Required,,User-requested library scope,Unselected; exact order number must be configured,Not started,"Select a real Panduit, Phoenix Contact, Weidmuller, nVent HOFFMAN, Iboco, or Legrand family; do not ship generic geometry as a procured part."
CAD-0117,Panel wiring,Wire duct and tray,Vendor neutral,Project-selected routing hardware,Tee,Tee,Configuration required,1,Required,Required,Not applicable,Not applicable,Not applicable,Not applicable,Required,,User-requested library scope,Unselected; exact order number must be configured,Not started,"Select a real Panduit, Phoenix Contact, Weidmuller, nVent HOFFMAN, Iboco, or Legrand family; do not ship generic geometry as a procured part."
CAD-0118,Panel wiring,Wire duct and tray,Vendor neutral,Project-selected routing hardware,Reducer,Reducer,Configuration required,1,Required,Required,Not applicable,Not applicable,Not applicable,Not applicable,Required,,User-requested library scope,Unselected; exact order number must be configured,Not started,"Select a real Panduit, Phoenix Contact, Weidmuller, nVent HOFFMAN, Iboco, or Legrand family; do not ship generic geometry as a procured part."
CAD-0119,Panel wiring,Wire duct and tray,Vendor neutral,Project-selected routing hardware,Coupler,Coupler,Configuration required,1,Required,Required,Not applicable,Not applicable,Not applicable,Not applicable,Required,,User-requested library scope,Unselected; exact order number must be configured,Not started,"Select a real Panduit, Phoenix Contact, Weidmuller, nVent HOFFMAN, Iboco, or Legrand family; do not ship generic geometry as a procured part."
CAD-0120,Panel wiring,Wire duct and tray,Vendor neutral,Project-selected routing hardware,End cap,End cap,Configuration required,1,Required,Required,Not applicable,Not applicable,Not applicable,Not applicable,Required,,User-requested library scope,Unselected; exact order number must be configured,Not started,"Select a real Panduit, Phoenix Contact, Weidmuller, nVent HOFFMAN, Iboco, or Legrand family; do not ship generic geometry as a procured part."
CAD-0121,Panel wiring,Wire duct and tray,Vendor neutral,Project-selected routing hardware,Divider,Divider,Configuration required,1,Required,Required,Not applicable,Not applicable,Not applicable,Not applicable,Required,,User-requested library scope,Unselected; exact order number must be configured,Not started,"Select a real Panduit, Phoenix Contact, Weidmuller, nVent HOFFMAN, Iboco, or Legrand family; do not ship generic geometry as a procured part."
CAD-0122,Operator safety,Emergency stop,Siemens,SIRIUS ACT 3SU1,"Emergency-stop complete unit, twist release",3SU1100-1HB20-1FG0,Exact catalog seed,1,Required,Required,Required,Required,Required,Download if available,Not applicable,https://www.siemens.com/cax,Current Siemens Industry Mall product listing,Official product identity verified; CAD file availability and lifecycle still need download review,Not started,Safety channel count and contact arrangement must match the validated safety circuit.
CAD-0123,Operator safety,Emergency stop,Siemens,SIRIUS ACT 3SU1,"Emergency-stop actuator, twist release",3SU1000-1HB20-0AA0,Exact catalog seed,1,Required,Required,Required,Required,Required,Download if available,Not applicable,https://www.siemens.com/cax,Current Siemens Industry Mall product listing,Official product identity verified; CAD file availability and lifecycle still need download review,Not started,Safety channel count and contact arrangement must match the validated safety circuit.
CAD-0124,Operator safety,Emergency stop,Siemens,SIRIUS ACT 3SU1,"Emergency stop, pull release",Siemens 3SU1 emergency stop pull release,Configuration required,1,Required,Required,Required,Required,Required,Download if available,Not applicable,https://www.siemens.com/cax,User-requested library scope,Unselected; exact order number must be configured,Not started,Safety channel count and contact arrangement must match the validated safety circuit.
CAD-0125,Operator safety,Emergency stop,Siemens,SIRIUS ACT 3SU1,Illuminated emergency stop,Siemens 3SU1 illuminated emergency stop,Configuration required,1,Required,Required,Required,Required,Required,Download if available,Not applicable,https://www.siemens.com/cax,User-requested library scope,Unselected; exact order number must be configured,Not started,Safety channel count and contact arrangement must match the validated safety circuit.
CAD-0126,Operator safety,Emergency stop,Siemens,SIRIUS ACT 3SU1,Emergency stop with protective shroud,Siemens 3SU1 emergency stop shroud,Configuration required,1,Required,Required,Required,Required,Required,Download if available,Not applicable,https://www.siemens.com/cax,User-requested library scope,Unselected; exact order number must be configured,Not started,Safety channel count and contact arrangement must match the validated safety circuit.
CAD-0127,Operator safety,Emergency stop,Siemens,SIRIUS ACT 3SU1,Emergency stop in yellow enclosure,Siemens 3SU1 emergency stop enclosure,Configuration required,1,Required,Required,Required,Required,Required,Download if available,Not applicable,https://www.siemens.com/cax,User-requested library scope,Unselected; exact order number must be configured,Not started,Safety channel count and contact arrangement must match the validated safety circuit.
CAD-0128,Operator safety,Emergency stop,Siemens,SIRIUS ACT 3SU1,Positive-opening NC contact block,Siemens 3SU1 positive opening NC contact,Configuration required,1,Required,Required,Required,Required,Required,Download if available,Not applicable,https://www.siemens.com/cax,User-requested library scope,Unselected; exact order number must be configured,Not started,Safety channel count and contact arrangement must match the validated safety circuit.
CAD-0129,Operator safety,Emergency stop,Siemens,SIRIUS ACT 3SU1,NO monitoring contact,Siemens 3SU1 NO contact block,Configuration required,1,Required,Required,Required,Required,Required,Download if available,Not applicable,https://www.siemens.com/cax,User-requested library scope,Unselected; exact order number must be configured,Not started,Safety channel count and contact arrangement must match the validated safety circuit.
CAD-0130,Operator safety,Emergency stop,Siemens,SIRIUS ACT 3SU1,3SU1 holder,Siemens 3SU1 holder,Configuration required,1,Required,Required,Required,Required,Required,Download if available,Not applicable,https://www.siemens.com/cax,User-requested library scope,Unselected; exact order number must be configured,Not started,Safety channel count and contact arrangement must match the validated safety circuit.
CAD-0131,Operator safety,Emergency stop,Siemens,SIRIUS ACT 3SU1,Emergency-stop legend/backing plate,Siemens 3SU1 emergency stop backing plate,Configuration required,1,Required,Required,Required,Required,Required,Download if available,Not applicable,https://www.siemens.com/cax,User-requested library scope,Unselected; exact order number must be configured,Not started,Safety channel count and contact arrangement must match the validated safety circuit.
CAD-0132,Operator controls,Pushbutton and indication,Siemens,SIRIUS ACT 3SU1,Green illuminated START momentary NO,Siemens 3SU1 Green illuminated START momentary NO,Configuration required,1,Required,Required,Required,Required,Required,Download if available,Not applicable,https://www.siemens.com/cax,User-requested library scope,Unselected; exact order number must be configured,Not started,"Actuator, holder, contacts, LED, legend, and enclosure remain separate linked parts."
CAD-0133,Operator controls,Pushbutton and indication,Siemens,SIRIUS ACT 3SU1,Red illuminated STOP momentary NC,Siemens 3SU1 Red illuminated STOP momentary NC,Configuration required,1,Required,Required,Required,Required,Required,Download if available,Not applicable,https://www.siemens.com/cax,User-requested library scope,Unselected; exact order number must be configured,Not started,"Actuator, holder, contacts, LED, legend, and enclosure remain separate linked parts."
CAD-0134,Operator controls,Pushbutton and indication,Siemens,SIRIUS ACT 3SU1,Amber illuminated FAULT RESET,Siemens 3SU1 Amber illuminated FAULT RESET,Configuration required,1,Required,Required,Required,Required,Required,Download if available,Not applicable,https://www.siemens.com/cax,User-requested library scope,Unselected; exact order number must be configured,Not started,"Actuator, holder, contacts, LED, legend, and enclosure remain separate linked parts."
CAD-0135,Operator controls,Pushbutton and indication,Siemens,SIRIUS ACT 3SU1,Blue illuminated operator request,Siemens 3SU1 Blue illuminated operator request,Configuration required,1,Required,Required,Required,Required,Required,Download if available,Not applicable,https://www.siemens.com/cax,User-requested library scope,Unselected; exact order number must be configured,Not started,"Actuator, holder, contacts, LED, legend, and enclosure remain separate linked parts."
CAD-0136,Operator controls,Pushbutton and indication,Siemens,SIRIUS ACT 3SU1,White illuminated control power ON,Siemens 3SU1 White illuminated control power ON,Configuration required,1,Required,Required,Required,Required,Required,Download if available,Not applicable,https://www.siemens.com/cax,User-requested library scope,Unselected; exact order number must be configured,Not started,"Actuator, holder, contacts, LED, legend, and enclosure remain separate linked parts."
CAD-0137,Operator controls,Pushbutton and indication,Siemens,SIRIUS ACT 3SU1,Black non-illuminated JOG,Siemens 3SU1 Black non-illuminated JOG,Configuration required,1,Required,Required,Required,Required,Required,Download if available,Not applicable,https://www.siemens.com/cax,User-requested library scope,Unselected; exact order number must be configured,Not started,"Actuator, holder, contacts, LED, legend, and enclosure remain separate linked parts."
CAD-0138,Operator controls,Pushbutton and indication,Siemens,SIRIUS ACT 3SU1,Two-position maintained selector,Siemens 3SU1 Two-position maintained selector,Configuration required,1,Required,Required,Required,Required,Required,Download if available,Not applicable,https://www.siemens.com/cax,User-requested library scope,Unselected; exact order number must be configured,Not started,"Actuator, holder, contacts, LED, legend, and enclosure remain separate linked parts."
CAD-0139,Operator controls,Pushbutton and indication,Siemens,SIRIUS ACT 3SU1,Three-position selector,Siemens 3SU1 Three-position selector,Configuration required,1,Required,Required,Required,Required,Required,Download if available,Not applicable,https://www.siemens.com/cax,User-requested library scope,Unselected; exact order number must be configured,Not started,"Actuator, holder, contacts, LED, legend, and enclosure remain separate linked parts."
CAD-0140,Operator controls,Pushbutton and indication,Siemens,SIRIUS ACT 3SU1,Spring-return selector,Siemens 3SU1 Spring-return selector,Configuration required,1,Required,Required,Required,Required,Required,Download if available,Not applicable,https://www.siemens.com/cax,User-requested library scope,Unselected; exact order number must be configured,Not started,"Actuator, holder, contacts, LED, legend, and enclosure remain separate linked parts."
CAD-0141,Operator controls,Pushbutton and indication,Siemens,SIRIUS ACT 3SU1,Keyed AUTO/MANUAL selector,Siemens 3SU1 Keyed AUTO/MANUAL selector,Configuration required,1,Required,Required,Required,Required,Required,Download if available,Not applicable,https://www.siemens.com/cax,User-requested library scope,Unselected; exact order number must be configured,Not started,"Actuator, holder, contacts, LED, legend, and enclosure remain separate linked parts."
CAD-0142,Operator controls,Pushbutton and indication,Siemens,SIRIUS ACT 3SU1,Illuminated reset button,Siemens 3SU1 Illuminated reset button,Configuration required,1,Required,Required,Required,Required,Required,Download if available,Not applicable,https://www.siemens.com/cax,User-requested library scope,Unselected; exact order number must be configured,Not started,"Actuator, holder, contacts, LED, legend, and enclosure remain separate linked parts."
CAD-0143,Operator controls,Pushbutton and indication,Siemens,SIRIUS ACT 3SU1,Red pilot light,Siemens 3SU1 Red pilot light,Configuration required,1,Required,Required,Required,Required,Required,Download if available,Not applicable,https://www.siemens.com/cax,User-requested library scope,Unselected; exact order number must be configured,Not started,"Actuator, holder, contacts, LED, legend, and enclosure remain separate linked parts."
CAD-0144,Operator controls,Pushbutton and indication,Siemens,SIRIUS ACT 3SU1,Amber pilot light,Siemens 3SU1 Amber pilot light,Configuration required,1,Required,Required,Required,Required,Required,Download if available,Not applicable,https://www.siemens.com/cax,User-requested library scope,Unselected; exact order number must be configured,Not started,"Actuator, holder, contacts, LED, legend, and enclosure remain separate linked parts."
CAD-0145,Operator controls,Pushbutton and indication,Siemens,SIRIUS ACT 3SU1,Green pilot light,Siemens 3SU1 Green pilot light,Configuration required,1,Required,Required,Required,Required,Required,Download if available,Not applicable,https://www.siemens.com/cax,User-requested library scope,Unselected; exact order number must be configured,Not started,"Actuator, holder, contacts, LED, legend, and enclosure remain separate linked parts."
CAD-0146,Operator controls,Pushbutton and indication,Siemens,SIRIUS ACT 3SU1,Blue pilot light,Siemens 3SU1 Blue pilot light,Configuration required,1,Required,Required,Required,Required,Required,Download if available,Not applicable,https://www.siemens.com/cax,User-requested library scope,Unselected; exact order number must be configured,Not started,"Actuator, holder, contacts, LED, legend, and enclosure remain separate linked parts."
CAD-0147,Operator controls,Pushbutton and indication,Siemens,SIRIUS ACT 3SU1,White pilot light,Siemens 3SU1 White pilot light,Configuration required,1,Required,Required,Required,Required,Required,Download if available,Not applicable,https://www.siemens.com/cax,User-requested library scope,Unselected; exact order number must be configured,Not started,"Actuator, holder, contacts, LED, legend, and enclosure remain separate linked parts."
CAD-0148,Operator controls,Pushbutton and indication,Siemens,SIRIUS ACT 3SU1,Contact block,Siemens 3SU1 Contact block,Configuration required,1,Required,Required,Required,Required,Required,Download if available,Not applicable,https://www.siemens.com/cax,User-requested library scope,Unselected; exact order number must be configured,Not started,"Actuator, holder, contacts, LED, legend, and enclosure remain separate linked parts."
CAD-0149,Operator controls,Pushbutton and indication,Siemens,SIRIUS ACT 3SU1,LED module,Siemens 3SU1 LED module,Configuration required,1,Required,Required,Required,Required,Required,Download if available,Not applicable,https://www.siemens.com/cax,User-requested library scope,Unselected; exact order number must be configured,Not started,"Actuator, holder, contacts, LED, legend, and enclosure remain separate linked parts."
CAD-0150,Operator controls,Pushbutton and indication,Siemens,SIRIUS ACT 3SU1,Holder,Siemens 3SU1 Holder,Configuration required,1,Required,Required,Required,Required,Required,Download if available,Not applicable,https://www.siemens.com/cax,User-requested library scope,Unselected; exact order number must be configured,Not started,"Actuator, holder, contacts, LED, legend, and enclosure remain separate linked parts."
CAD-0151,Operator controls,Pushbutton and indication,Siemens,SIRIUS ACT 3SU1,Legend plate,Siemens 3SU1 Legend plate,Configuration required,1,Required,Required,Required,Required,Required,Download if available,Not applicable,https://www.siemens.com/cax,User-requested library scope,Unselected; exact order number must be configured,Not started,"Actuator, holder, contacts, LED, legend, and enclosure remain separate linked parts."
CAD-0152,Operator controls,Pushbutton and indication,Siemens,SIRIUS ACT 3SU1,Operator enclosure,Siemens 3SU1 Operator enclosure,Configuration required,1,Required,Required,Required,Required,Required,Download if available,Not applicable,https://www.siemens.com/cax,User-requested library scope,Unselected; exact order number must be configured,Not started,"Actuator, holder, contacts, LED, legend, and enclosure remain separate linked parts."
CAD-0153,Operator indication,Stack light,Siemens,8WD44/8WD46 signaling column,Mounting base,Siemens 8WD44 8WD46 Mounting base,Configuration required,1,Required,Required,Required,Required,Required,Download if available,Not applicable,https://www.siemens.com/cax,User-requested library scope,Unselected; exact order number must be configured,Not started,Each light or audible segment is a separately addressable output.
CAD-0154,Operator indication,Stack light,Siemens,8WD44/8WD46 signaling column,Vertical tube,Siemens 8WD44 8WD46 Vertical tube,Configuration required,1,Required,Required,Required,Required,Required,Download if available,Not applicable,https://www.siemens.com/cax,User-requested library scope,Unselected; exact order number must be configured,Not started,Each light or audible segment is a separately addressable output.
CAD-0155,Operator indication,Stack light,Siemens,8WD44/8WD46 signaling column,Angle bracket,Siemens 8WD44 8WD46 Angle bracket,Configuration required,1,Required,Required,Required,Required,Required,Download if available,Not applicable,https://www.siemens.com/cax,User-requested library scope,Unselected; exact order number must be configured,Not started,Each light or audible segment is a separately addressable output.
CAD-0156,Operator indication,Stack light,Siemens,8WD44/8WD46 signaling column,Connection element,Siemens 8WD44 8WD46 Connection element,Configuration required,1,Required,Required,Required,Required,Required,Download if available,Not applicable,https://www.siemens.com/cax,User-requested library scope,Unselected; exact order number must be configured,Not started,Each light or audible segment is a separately addressable output.
CAD-0157,Operator indication,Stack light,Siemens,8WD44/8WD46 signaling column,Red LED element,Siemens 8WD44 8WD46 Red LED element,Configuration required,1,Required,Required,Required,Required,Required,Download if available,Not applicable,https://www.siemens.com/cax,User-requested library scope,Unselected; exact order number must be configured,Not started,Each light or audible segment is a separately addressable output.
CAD-0158,Operator indication,Stack light,Siemens,8WD44/8WD46 signaling column,Amber LED element,Siemens 8WD44 8WD46 Amber LED element,Configuration required,1,Required,Required,Required,Required,Required,Download if available,Not applicable,https://www.siemens.com/cax,User-requested library scope,Unselected; exact order number must be configured,Not started,Each light or audible segment is a separately addressable output.
CAD-0159,Operator indication,Stack light,Siemens,8WD44/8WD46 signaling column,Green LED element,Siemens 8WD44 8WD46 Green LED element,Configuration required,1,Required,Required,Required,Required,Required,Download if available,Not applicable,https://www.siemens.com/cax,User-requested library scope,Unselected; exact order number must be configured,Not started,Each light or audible segment is a separately addressable output.
CAD-0160,Operator indication,Stack light,Siemens,8WD44/8WD46 signaling column,Blue or white LED element,Siemens 8WD44 8WD46 Blue or white LED element,Configuration required,1,Required,Required,Required,Required,Required,Download if available,Not applicable,https://www.siemens.com/cax,User-requested library scope,Unselected; exact order number must be configured,Not started,Each light or audible segment is a separately addressable output.
CAD-0161,Operator indication,Stack light,Siemens,8WD44/8WD46 signaling column,Audible element/buzzer,Siemens 8WD44 8WD46 Audible element/buzzer,Configuration required,1,Required,Required,Required,Required,Required,Download if available,Not applicable,https://www.siemens.com/cax,User-requested library scope,Unselected; exact order number must be configured,Not started,Each light or audible segment is a separately addressable output.
CAD-0162,Operator indication,Stack light,Siemens,8WD44/8WD46 signaling column,Top cap,Siemens 8WD44 8WD46 Top cap,Configuration required,1,Required,Required,Required,Required,Required,Download if available,Not applicable,https://www.siemens.com/cax,User-requested library scope,Unselected; exact order number must be configured,Not started,Each light or audible segment is a separately addressable output.
CAD-0163,Operator indication,Stack light,Siemens,8WD44/8WD46 signaling column,M12 connection adapter,Siemens 8WD44 8WD46 M12 connection adapter,Configuration required,1,Required,Required,Required,Required,Required,Download if available,Not applicable,https://www.siemens.com/cax,User-requested library scope,Unselected; exact order number must be configured,Not started,Each light or audible segment is a separately addressable output.
CAD-0164,Operator indication,Stack light,Siemens,8WD44/8WD46 signaling column,IO-Link stack-light assembly,Siemens 8WD44 8WD46 IO-Link stack-light assembly,Configuration required,1,Required,Required,Required,Required,Required,Download if available,Not applicable,https://www.siemens.com/cax,User-requested library scope,Unselected; exact order number must be configured,Not started,Each light or audible segment is a separately addressable output.
CAD-0165,Operator indication,Stack light,Siemens,8WD44/8WD46 signaling column,Conventional 24 VDC stack-light assembly,Siemens 8WD44 8WD46 Conventional 24 VDC stack-light assembly,Configuration required,1,Required,Required,Required,Required,Required,Download if available,Not applicable,https://www.siemens.com/cax,User-requested library scope,Unselected; exact order number must be configured,Not started,Each light or audible segment is a separately addressable output.
CAD-0166,Conveyor safety,Pull-rope system,Siemens,SIRIUS 3SE71,Single-sided pull-rope safety switch,Siemens 3SE71 Single-sided pull-rope safety switch,Configuration required,1,Required,Required,Required,Required,Required,Download if available,Not applicable,https://www.siemens.com/cax,User-requested library scope,Unselected; exact order number must be configured,Not started,"The switch, rope, supports, anchors, and tension hardware form one linked safety assembly."
CAD-0167,Conveyor safety,Pull-rope system,Siemens,SIRIUS 3SE71,Two-sided pull-rope safety switch,Siemens 3SE71 Two-sided pull-rope safety switch,Configuration required,1,Required,Required,Required,Required,Required,Download if available,Not applicable,https://www.siemens.com/cax,User-requested library scope,Unselected; exact order number must be configured,Not started,"The switch, rope, supports, anchors, and tension hardware form one linked safety assembly."
CAD-0168,Conveyor safety,Pull-rope system,Siemens,SIRIUS 3SE71,Pull-rope switch with emergency-stop button,Siemens 3SE71 Pull-rope switch with emergency-stop button,Configuration required,1,Required,Required,Required,Required,Required,Download if available,Not applicable,https://www.siemens.com/cax,User-requested library scope,Unselected; exact order number must be configured,Not started,"The switch, rope, supports, anchors, and tension hardware form one linked safety assembly."
CAD-0169,Conveyor safety,Pull-rope system,Siemens,SIRIUS 3SE71,Pull rope,Siemens 3SE71 Pull rope,Configuration required,1,Required,Required,Required,Required,Required,Download if available,Required,https://www.siemens.com/cax,User-requested library scope,Unselected; exact order number must be configured,Not started,"The switch, rope, supports, anchors, and tension hardware form one linked safety assembly."
CAD-0170,Conveyor safety,Pull-rope system,Siemens,SIRIUS 3SE71,Red rope marker flags,Siemens 3SE71 Red rope marker flags,Configuration required,1,Required,Required,Required,Required,Required,Download if available,Not applicable,https://www.siemens.com/cax,User-requested library scope,Unselected; exact order number must be configured,Not started,"The switch, rope, supports, anchors, and tension hardware form one linked safety assembly."
CAD-0171,Conveyor safety,Pull-rope system,Siemens,SIRIUS 3SE71,Rope tensioner,Siemens 3SE71 Rope tensioner,Configuration required,1,Required,Required,Required,Required,Required,Download if available,Not applicable,https://www.siemens.com/cax,User-requested library scope,Unselected; exact order number must be configured,Not started,"The switch, rope, supports, anchors, and tension hardware form one linked safety assembly."
CAD-0172,Conveyor safety,Pull-rope system,Siemens,SIRIUS 3SE71,Tension spring,Siemens 3SE71 Tension spring,Configuration required,1,Required,Required,Required,Required,Required,Download if available,Not applicable,https://www.siemens.com/cax,User-requested library scope,Unselected; exact order number must be configured,Not started,"The switch, rope, supports, anchors, and tension hardware form one linked safety assembly."
CAD-0173,Conveyor safety,Pull-rope system,Siemens,SIRIUS 3SE71,Turnbuckle,Siemens 3SE71 Turnbuckle,Configuration required,1,Required,Required,Required,Required,Required,Download if available,Not applicable,https://www.siemens.com/cax,User-requested library scope,Unselected; exact order number must be configured,Not started,"The switch, rope, supports, anchors, and tension hardware form one linked safety assembly."
CAD-0174,Conveyor safety,Pull-rope system,Siemens,SIRIUS 3SE71,Eye bolts,Siemens 3SE71 Eye bolts,Configuration required,1,Required,Required,Required,Required,Required,Download if available,Not applicable,https://www.siemens.com/cax,User-requested library scope,Unselected; exact order number must be configured,Not started,"The switch, rope, supports, anchors, and tension hardware form one linked safety assembly."
CAD-0175,Conveyor safety,Pull-rope system,Siemens,SIRIUS 3SE71,Rope thimbles,Siemens 3SE71 Rope thimbles,Configuration required,1,Required,Required,Required,Required,Required,Download if available,Not applicable,https://www.siemens.com/cax,User-requested library scope,Unselected; exact order number must be configured,Not started,"The switch, rope, supports, anchors, and tension hardware form one linked safety assembly."
CAD-0176,Conveyor safety,Pull-rope system,Siemens,SIRIUS 3SE71,Rope clamps,Siemens 3SE71 Rope clamps,Configuration required,1,Required,Required,Required,Required,Required,Download if available,Not applicable,https://www.siemens.com/cax,User-requested library scope,Unselected; exact order number must be configured,Not started,"The switch, rope, supports, anchors, and tension hardware form one linked safety assembly."
CAD-0177,Conveyor safety,Pull-rope system,Siemens,SIRIUS 3SE71,Support pulleys,Siemens 3SE71 Support pulleys,Configuration required,1,Required,Required,Required,Required,Required,Download if available,Not applicable,https://www.siemens.com/cax,User-requested library scope,Unselected; exact order number must be configured,Not started,"The switch, rope, supports, anchors, and tension hardware form one linked safety assembly."
CAD-0178,Conveyor safety,Pull-rope system,Siemens,SIRIUS 3SE71,Corner pulleys,Siemens 3SE71 Corner pulleys,Configuration required,1,Required,Required,Required,Required,Required,Download if available,Not applicable,https://www.siemens.com/cax,User-requested library scope,Unselected; exact order number must be configured,Not started,"The switch, rope, supports, anchors, and tension hardware form one linked safety assembly."
CAD-0179,Conveyor safety,Pull-rope system,Siemens,SIRIUS 3SE71,End anchor,Siemens 3SE71 End anchor,Configuration required,1,Required,Required,Required,Required,Required,Download if available,Not applicable,https://www.siemens.com/cax,User-requested library scope,Unselected; exact order number must be configured,Not started,"The switch, rope, supports, anchors, and tension hardware form one linked safety assembly."
CAD-0180,Conveyor safety,Pull-rope system,Siemens,SIRIUS 3SE71,Reset mechanism,Siemens 3SE71 Reset mechanism,Configuration required,1,Required,Required,Required,Required,Required,Download if available,Not applicable,https://www.siemens.com/cax,User-requested library scope,Unselected; exact order number must be configured,Not started,"The switch, rope, supports, anchors, and tension hardware form one linked safety assembly."
CAD-0181,Conveyor safety,Pull-rope system,Siemens,SIRIUS 3SE71,Mounting bracket,Siemens 3SE71 Mounting bracket,Configuration required,1,Required,Required,Required,Required,Required,Download if available,Not applicable,https://www.siemens.com/cax,User-requested library scope,Unselected; exact order number must be configured,Not started,"The switch, rope, supports, anchors, and tension hardware form one linked safety assembly."
CAD-0182,Conveyor safety,Pull-rope system,Siemens,SIRIUS 3SE71,Status indicator,Siemens 3SE71 Status indicator,Configuration required,1,Required,Required,Required,Required,Required,Download if available,Not applicable,https://www.siemens.com/cax,User-requested library scope,Unselected; exact order number must be configured,Not started,"The switch, rope, supports, anchors, and tension hardware form one linked safety assembly."
CAD-0183,Machine sensing,Limit and safety-position switch,Siemens,SIRIUS 3SE5/3SE6,Metal-body limit switch,Siemens 3SE5 3SE6 Metal-body limit switch,Configuration required,1,Required,Required,Required,Required,Required,Download if available,Not applicable,https://www.siemens.com/cax,User-requested library scope,Unselected; exact order number must be configured,Not started,Actuator/head and contact-body variants need explicit compatibility and terminal maps.
CAD-0184,Machine sensing,Limit and safety-position switch,Siemens,SIRIUS 3SE5/3SE6,Plastic-body limit switch,Siemens 3SE5 3SE6 Plastic-body limit switch,Configuration required,1,Required,Required,Required,Required,Required,Download if available,Not applicable,https://www.siemens.com/cax,User-requested library scope,Unselected; exact order number must be configured,Not started,Actuator/head and contact-body variants need explicit compatibility and terminal maps.
CAD-0185,Machine sensing,Limit and safety-position switch,Siemens,SIRIUS 3SE5/3SE6,Rounded plunger head,Siemens 3SE5 3SE6 Rounded plunger head,Configuration required,1,Required,Required,Required,Required,Required,Download if available,Not applicable,https://www.siemens.com/cax,User-requested library scope,Unselected; exact order number must be configured,Not started,Actuator/head and contact-body variants need explicit compatibility and terminal maps.
CAD-0186,Machine sensing,Limit and safety-position switch,Siemens,SIRIUS 3SE5/3SE6,Roller plunger head,Siemens 3SE5 3SE6 Roller plunger head,Configuration required,1,Required,Required,Required,Required,Required,Download if available,Not applicable,https://www.siemens.com/cax,User-requested library scope,Unselected; exact order number must be configured,Not started,Actuator/head and contact-body variants need explicit compatibility and terminal maps.
CAD-0187,Machine sensing,Limit and safety-position switch,Siemens,SIRIUS 3SE5/3SE6,Roller lever head,Siemens 3SE5 3SE6 Roller lever head,Configuration required,1,Required,Required,Required,Required,Required,Download if available,Not applicable,https://www.siemens.com/cax,User-requested library scope,Unselected; exact order number must be configured,Not started,Actuator/head and contact-body variants need explicit compatibility and terminal maps.
CAD-0188,Machine sensing,Limit and safety-position switch,Siemens,SIRIUS 3SE5/3SE6,Adjustable roller lever head,Siemens 3SE5 3SE6 Adjustable roller lever head,Configuration required,1,Required,Required,Required,Required,Required,Download if available,Not applicable,https://www.siemens.com/cax,User-requested library scope,Unselected; exact order number must be configured,Not started,Actuator/head and contact-body variants need explicit compatibility and terminal maps.
CAD-0189,Machine sensing,Limit and safety-position switch,Siemens,SIRIUS 3SE5/3SE6,Fork lever head,Siemens 3SE5 3SE6 Fork lever head,Configuration required,1,Required,Required,Required,Required,Required,Download if available,Not applicable,https://www.siemens.com/cax,User-requested library scope,Unselected; exact order number must be configured,Not started,Actuator/head and contact-body variants need explicit compatibility and terminal maps.
CAD-0190,Machine sensing,Limit and safety-position switch,Siemens,SIRIUS 3SE5/3SE6,Hinge lever head,Siemens 3SE5 3SE6 Hinge lever head,Configuration required,1,Required,Required,Required,Required,Required,Download if available,Not applicable,https://www.siemens.com/cax,User-requested library scope,Unselected; exact order number must be configured,Not started,Actuator/head and contact-body variants need explicit compatibility and terminal maps.
CAD-0191,Machine sensing,Limit and safety-position switch,Siemens,SIRIUS 3SE5/3SE6,Separate actuator,Siemens 3SE5 3SE6 Separate actuator,Configuration required,1,Required,Required,Required,Required,Required,Download if available,Not applicable,https://www.siemens.com/cax,User-requested library scope,Unselected; exact order number must be configured,Not started,Actuator/head and contact-body variants need explicit compatibility and terminal maps.
CAD-0192,Machine sensing,Limit and safety-position switch,Siemens,SIRIUS 3SE5/3SE6,Positive-opening safety position switch,Siemens 3SE5 3SE6 Positive-opening safety position switch,Configuration required,1,Required,Required,Required,Required,Required,Download if available,Not applicable,https://www.siemens.com/cax,User-requested library scope,Unselected; exact order number must be configured,Not started,Actuator/head and contact-body variants need explicit compatibility and terminal maps.
CAD-0193,Machine sensing,Limit and safety-position switch,Siemens,SIRIUS 3SE5/3SE6,Guard-door position switch,Siemens 3SE5 3SE6 Guard-door position switch,Configuration required,1,Required,Required,Required,Required,Required,Download if available,Not applicable,https://www.siemens.com/cax,User-requested library scope,Unselected; exact order number must be configured,Not started,Actuator/head and contact-body variants need explicit compatibility and terminal maps.
CAD-0194,Machine sensing,Limit and safety-position switch,Siemens,SIRIUS 3SE5/3SE6,Solenoid guard interlock,Siemens 3SE5 3SE6 Solenoid guard interlock,Configuration required,1,Required,Required,Required,Required,Required,Download if available,Not applicable,https://www.siemens.com/cax,User-requested library scope,Unselected; exact order number must be configured,Not started,Actuator/head and contact-body variants need explicit compatibility and terminal maps.
CAD-0195,Machine sensing,Limit and safety-position switch,Siemens,SIRIUS 3SE5/3SE6,Coded RFID safety switch,Siemens 3SE5 3SE6 Coded RFID safety switch,Configuration required,1,Required,Required,Required,Required,Required,Download if available,Not applicable,https://www.siemens.com/cax,User-requested library scope,Unselected; exact order number must be configured,Not started,Actuator/head and contact-body variants need explicit compatibility and terminal maps.
CAD-0196,Machine sensing,Limit and safety-position switch,Siemens,SIRIUS 3SE5/3SE6,Magnetic safety switch,Siemens 3SE5 3SE6 Magnetic safety switch,Configuration required,1,Required,Required,Required,Required,Required,Download if available,Not applicable,https://www.siemens.com/cax,User-requested library scope,Unselected; exact order number must be configured,Not started,Actuator/head and contact-body variants need explicit compatibility and terminal maps.
CAD-0197,Machine sensing,Limit and safety-position switch,Siemens,SIRIUS 3SE5/3SE6,Safety hinge switch,Siemens 3SE5 3SE6 Safety hinge switch,Configuration required,1,Required,Required,Required,Required,Required,Download if available,Not applicable,https://www.siemens.com/cax,User-requested library scope,Unselected; exact order number must be configured,Not started,Actuator/head and contact-body variants need explicit compatibility and terminal maps.
CAD-0198,Machine sensing,General sensor,Vendor neutral,Project-selected industrial sensor,Inductive proximity sensor,Inductive proximity sensor,Configuration required,2,Required,Required,Required,Required,Required,Download if available,Required,,User-requested library scope,Unselected; exact order number must be configured,Not started,"Select a real Siemens, Banner, SICK, ifm, Pepperl+Fuchs, or Turck part with connector and cable."
CAD-0199,Machine sensing,General sensor,Vendor neutral,Project-selected industrial sensor,Capacitive proximity sensor,Capacitive proximity sensor,Configuration required,2,Required,Required,Required,Required,Required,Download if available,Required,,User-requested library scope,Unselected; exact order number must be configured,Not started,"Select a real Siemens, Banner, SICK, ifm, Pepperl+Fuchs, or Turck part with connector and cable."
CAD-0200,Machine sensing,General sensor,Vendor neutral,Project-selected industrial sensor,Diffuse photoelectric sensor,Diffuse photoelectric sensor,Configuration required,2,Required,Required,Required,Required,Required,Download if available,Required,,User-requested library scope,Unselected; exact order number must be configured,Not started,"Select a real Siemens, Banner, SICK, ifm, Pepperl+Fuchs, or Turck part with connector and cable."
CAD-0201,Machine sensing,General sensor,Vendor neutral,Project-selected industrial sensor,Retroreflective sensor,Retroreflective sensor,Configuration required,2,Required,Required,Required,Required,Required,Download if available,Required,,User-requested library scope,Unselected; exact order number must be configured,Not started,"Select a real Siemens, Banner, SICK, ifm, Pepperl+Fuchs, or Turck part with connector and cable."
CAD-0202,Machine sensing,General sensor,Vendor neutral,Project-selected industrial sensor,Reflector,Reflector,Configuration required,2,Required,Required,Required,Required,Required,Download if available,Required,,User-requested library scope,Unselected; exact order number must be configured,Not started,"Select a real Siemens, Banner, SICK, ifm, Pepperl+Fuchs, or Turck part with connector and cable."
CAD-0203,Machine sensing,General sensor,Vendor neutral,Project-selected industrial sensor,Through-beam transmitter,Through-beam transmitter,Configuration required,2,Required,Required,Required,Required,Required,Download if available,Required,,User-requested library scope,Unselected; exact order number must be configured,Not started,"Select a real Siemens, Banner, SICK, ifm, Pepperl+Fuchs, or Turck part with connector and cable."
CAD-0204,Machine sensing,General sensor,Vendor neutral,Project-selected industrial sensor,Through-beam receiver,Through-beam receiver,Configuration required,2,Required,Required,Required,Required,Required,Download if available,Required,,User-requested library scope,Unselected; exact order number must be configured,Not started,"Select a real Siemens, Banner, SICK, ifm, Pepperl+Fuchs, or Turck part with connector and cable."
CAD-0205,Machine sensing,General sensor,Vendor neutral,Project-selected industrial sensor,Ultrasonic sensor,Ultrasonic sensor,Configuration required,2,Required,Required,Required,Required,Required,Download if available,Required,,User-requested library scope,Unselected; exact order number must be configured,Not started,"Select a real Siemens, Banner, SICK, ifm, Pepperl+Fuchs, or Turck part with connector and cable."
CAD-0206,Machine sensing,General sensor,Vendor neutral,Project-selected industrial sensor,Magnetic cylinder sensor,Magnetic cylinder sensor,Configuration required,2,Required,Required,Required,Required,Required,Download if available,Required,,User-requested library scope,Unselected; exact order number must be configured,Not started,"Select a real Siemens, Banner, SICK, ifm, Pepperl+Fuchs, or Turck part with connector and cable."
CAD-0207,HMI,Operator panel,Siemens,SIMATIC HMI Basic,KTP400 Basic Color,6AV2123-2DB03-0AX0,Exact catalog seed,1,Required,Required,Required,Required,Required,Download if available,Not applicable,https://www.siemens.com/cax,ControlForgeCAD Siemens S7-1200 2017 source snapshot,Source-backed; current lifecycle/CAD files need Siemens verification,Not started,
CAD-0208,HMI,Operator panel,Siemens,SIMATIC HMI Basic,KTP700 Basic Color,6AV2123-2GB03-0AX0,Exact catalog seed,1,Required,Required,Required,Required,Required,Download if available,Not applicable,https://www.siemens.com/cax,ControlForgeCAD Siemens S7-1200 2017 source snapshot,Source-backed; current lifecycle/CAD files need Siemens verification,Not started,
CAD-0209,HMI,Operator panel,Siemens,SIMATIC HMI Basic,KTP900 Basic Color,6AV2123-2JB03-0AX0,Exact catalog seed,1,Required,Required,Required,Required,Required,Download if available,Not applicable,https://www.siemens.com/cax,ControlForgeCAD Siemens S7-1200 2017 source snapshot,Source-backed; current lifecycle/CAD files need Siemens verification,Not started,
CAD-0210,HMI,Operator panel,Siemens,SIMATIC HMI Basic,KTP1200 Basic Color,6AV2123-2MB03-0AX0,Exact catalog seed,1,Required,Required,Required,Required,Required,Download if available,Not applicable,https://www.siemens.com/cax,ControlForgeCAD Siemens S7-1200 2017 source snapshot,Source-backed; current lifecycle/CAD files need Siemens verification,Not started,
CAD-0211,HMI,Operator panel,Siemens,SIMATIC HMI Unified,MTP700 Unified Basic,Siemens MTP700 Unified Basic,Configuration required,1,Required,Required,Required,Required,Required,Download if available,Not applicable,https://www.siemens.com/cax,User-requested library scope,Unselected; exact order number must be configured,Not started,"Capture panel cutout, rear envelope, clamps, clearances, supply, and every communication port."
CAD-0212,HMI,Operator panel,Siemens,SIMATIC HMI Unified,MTP1000 Unified Basic,Siemens MTP1000 Unified Basic,Configuration required,1,Required,Required,Required,Required,Required,Download if available,Not applicable,https://www.siemens.com/cax,User-requested library scope,Unselected; exact order number must be configured,Not started,"Capture panel cutout, rear envelope, clamps, clearances, supply, and every communication port."
CAD-0213,HMI,Operator panel,Siemens,SIMATIC HMI Unified,MTP700 Unified Comfort,Siemens MTP700 Unified Comfort,Configuration required,1,Required,Required,Required,Required,Required,Download if available,Not applicable,https://www.siemens.com/cax,User-requested library scope,Unselected; exact order number must be configured,Not started,"Capture panel cutout, rear envelope, clamps, clearances, supply, and every communication port."
CAD-0214,HMI,Operator panel,Siemens,SIMATIC HMI Unified,MTP1000 Unified Comfort,Siemens MTP1000 Unified Comfort,Configuration required,1,Required,Required,Required,Required,Required,Download if available,Not applicable,https://www.siemens.com/cax,User-requested library scope,Unselected; exact order number must be configured,Not started,"Capture panel cutout, rear envelope, clamps, clearances, supply, and every communication port."
CAD-0215,HMI,Operator panel,Siemens,SIMATIC HMI Unified,MTP1200 Unified Comfort,Siemens MTP1200 Unified Comfort,Configuration required,1,Required,Required,Required,Required,Required,Download if available,Not applicable,https://www.siemens.com/cax,User-requested library scope,Unselected; exact order number must be configured,Not started,"Capture panel cutout, rear envelope, clamps, clearances, supply, and every communication port."
CAD-0216,HMI,Operator panel,Siemens,SIMATIC HMI Unified,MTP1500 Unified Comfort,Siemens MTP1500 Unified Comfort,Configuration required,1,Required,Required,Required,Required,Required,Download if available,Not applicable,https://www.siemens.com/cax,User-requested library scope,Unselected; exact order number must be configured,Not started,"Capture panel cutout, rear envelope, clamps, clearances, supply, and every communication port."
CAD-0217,Process instrumentation,Temperature,Siemens,SITRANS temperature,SITRANS TS100 temperature sensor,Siemens SITRANS TS100 temperature sensor,Configuration required,1,Required,Required,Required,Required,Required,Download if available,Required,https://www.siemens.com/cax,User-requested library scope,Unselected; exact order number must be configured,Not started,"Configure sensing element, range, insertion length, process connection, loop supply, output, and approvals."
CAD-0218,Process instrumentation,Temperature,Siemens,SITRANS temperature,SITRANS TS200 compact temperature sensor,Siemens SITRANS TS200 compact temperature sensor,Configuration required,1,Required,Required,Required,Required,Required,Download if available,Required,https://www.siemens.com/cax,User-requested library scope,Unselected; exact order number must be configured,Not started,"Configure sensing element, range, insertion length, process connection, loop supply, output, and approvals."
CAD-0219,Process instrumentation,Temperature,Siemens,SITRANS temperature,SITRANS TS300 temperature sensor,Siemens SITRANS TS300 temperature sensor,Configuration required,1,Required,Required,Required,Required,Required,Download if available,Required,https://www.siemens.com/cax,User-requested library scope,Unselected; exact order number must be configured,Not started,"Configure sensing element, range, insertion length, process connection, loop supply, output, and approvals."
CAD-0220,Process instrumentation,Temperature,Siemens,SITRANS temperature,SITRANS TS500 process assembly,Siemens SITRANS TS500 process assembly,Configuration required,1,Required,Required,Required,Required,Required,Download if available,Required,https://www.siemens.com/cax,User-requested library scope,Unselected; exact order number must be configured,Not started,"Configure sensing element, range, insertion length, process connection, loop supply, output, and approvals."
CAD-0221,Process instrumentation,Temperature,Siemens,SITRANS temperature,SITRANS TH100 head transmitter,Siemens SITRANS TH100 head transmitter,Configuration required,1,Required,Required,Required,Required,Required,Download if available,Required,https://www.siemens.com/cax,User-requested library scope,Unselected; exact order number must be configured,Not started,"Configure sensing element, range, insertion length, process connection, loop supply, output, and approvals."
CAD-0222,Process instrumentation,Temperature,Siemens,SITRANS temperature,SITRANS TH200/TH300 head transmitter,Siemens SITRANS TH200/TH300 head transmitter,Configuration required,1,Required,Required,Required,Required,Required,Download if available,Required,https://www.siemens.com/cax,User-requested library scope,Unselected; exact order number must be configured,Not started,"Configure sensing element, range, insertion length, process connection, loop supply, output, and approvals."
CAD-0223,Process instrumentation,Temperature,Siemens,SITRANS temperature,SITRANS TH320/TH420 HART transmitter,Siemens SITRANS TH320/TH420 HART transmitter,Configuration required,1,Required,Required,Required,Required,Required,Download if available,Required,https://www.siemens.com/cax,User-requested library scope,Unselected; exact order number must be configured,Not started,"Configure sensing element, range, insertion length, process connection, loop supply, output, and approvals."
CAD-0224,Process instrumentation,Temperature,Siemens,SITRANS temperature,SITRANS TF field-mounted transmitter,Siemens SITRANS TF field-mounted transmitter,Configuration required,1,Required,Required,Required,Required,Required,Download if available,Required,https://www.siemens.com/cax,User-requested library scope,Unselected; exact order number must be configured,Not started,"Configure sensing element, range, insertion length, process connection, loop supply, output, and approvals."
CAD-0225,Process instrumentation,Temperature,Siemens,SITRANS temperature,Pt100 RTD probe,Siemens Pt100 RTD probe,Configuration required,1,Required,Required,Required,Required,Required,Download if available,Required,https://www.siemens.com/cax,User-requested library scope,Unselected; exact order number must be configured,Not started,"Configure sensing element, range, insertion length, process connection, loop supply, output, and approvals."
CAD-0226,Process instrumentation,Temperature,Siemens,SITRANS temperature,Thermocouple assembly,Siemens Thermocouple assembly,Configuration required,1,Required,Required,Required,Required,Required,Download if available,Required,https://www.siemens.com/cax,User-requested library scope,Unselected; exact order number must be configured,Not started,"Configure sensing element, range, insertion length, process connection, loop supply, output, and approvals."
CAD-0227,Process instrumentation,Temperature,Siemens,SITRANS temperature,Thermowell,Siemens Thermowell,Configuration required,1,Required,Required,Required,Required,Required,Download if available,Required,https://www.siemens.com/cax,User-requested library scope,Unselected; exact order number must be configured,Not started,"Configure sensing element, range, insertion length, process connection, loop supply, output, and approvals."
CAD-0228,Process instrumentation,Temperature,Siemens,SITRANS temperature,Transmitter head,Siemens Transmitter head,Configuration required,1,Required,Required,Required,Required,Required,Download if available,Required,https://www.siemens.com/cax,User-requested library scope,Unselected; exact order number must be configured,Not started,"Configure sensing element, range, insertion length, process connection, loop supply, output, and approvals."
CAD-0229,Process instrumentation,Temperature,Siemens,SITRANS temperature,DIN-rail temperature transmitter,Siemens DIN-rail temperature transmitter,Configuration required,1,Required,Required,Required,Required,Required,Download if available,Required,https://www.siemens.com/cax,User-requested library scope,Unselected; exact order number must be configured,Not started,"Configure sensing element, range, insertion length, process connection, loop supply, output, and approvals."
CAD-0230,Process instrumentation,Pressure,Siemens,SITRANS pressure,SITRANS P200 compact pressure transmitter,Siemens SITRANS P200 compact pressure transmitter,Configuration required,1,Required,Required,Required,Required,Required,Download if available,Required,https://www.siemens.com/cax,User-requested library scope,Unselected; exact order number must be configured,Not started,"Configure range, pressure type, wetted material, process connection, 4-20 mA/HART, enclosure, approvals, and SIL needs."
CAD-0231,Process instrumentation,Pressure,Siemens,SITRANS pressure,SITRANS P210 compact pressure transmitter,Siemens SITRANS P210 compact pressure transmitter,Configuration required,1,Required,Required,Required,Required,Required,Download if available,Required,https://www.siemens.com/cax,User-requested library scope,Unselected; exact order number must be configured,Not started,"Configure range, pressure type, wetted material, process connection, 4-20 mA/HART, enclosure, approvals, and SIL needs."
CAD-0232,Process instrumentation,Pressure,Siemens,SITRANS pressure,SITRANS P220 compact pressure transmitter,Siemens SITRANS P220 compact pressure transmitter,Configuration required,1,Required,Required,Required,Required,Required,Download if available,Required,https://www.siemens.com/cax,User-requested library scope,Unselected; exact order number must be configured,Not started,"Configure range, pressure type, wetted material, process connection, 4-20 mA/HART, enclosure, approvals, and SIL needs."
CAD-0233,Process instrumentation,Pressure,Siemens,SITRANS pressure,SITRANS P300 hygienic pressure transmitter,Siemens SITRANS P300 hygienic pressure transmitter,Configuration required,1,Required,Required,Required,Required,Required,Download if available,Required,https://www.siemens.com/cax,User-requested library scope,Unselected; exact order number must be configured,Not started,"Configure range, pressure type, wetted material, process connection, 4-20 mA/HART, enclosure, approvals, and SIL needs."
CAD-0234,Process instrumentation,Pressure,Siemens,SITRANS pressure,SITRANS P320 pressure transmitter,Siemens SITRANS P320 pressure transmitter,Configuration required,1,Required,Required,Required,Required,Required,Download if available,Required,https://www.siemens.com/cax,User-requested library scope,Unselected; exact order number must be configured,Not started,"Configure range, pressure type, wetted material, process connection, 4-20 mA/HART, enclosure, approvals, and SIL needs."
CAD-0235,Process instrumentation,Pressure,Siemens,SITRANS pressure,SITRANS P420 pressure transmitter,Siemens SITRANS P420 pressure transmitter,Configuration required,1,Required,Required,Required,Required,Required,Download if available,Required,https://www.siemens.com/cax,User-requested library scope,Unselected; exact order number must be configured,Not started,"Configure range, pressure type, wetted material, process connection, 4-20 mA/HART, enclosure, approvals, and SIL needs."
CAD-0236,Process instrumentation,Pressure,Siemens,SITRANS pressure,Gauge-pressure configuration,Siemens Gauge-pressure configuration,Configuration required,1,Required,Required,Required,Required,Required,Download if available,Required,https://www.siemens.com/cax,User-requested library scope,Unselected; exact order number must be configured,Not started,"Configure range, pressure type, wetted material, process connection, 4-20 mA/HART, enclosure, approvals, and SIL needs."
CAD-0237,Process instrumentation,Pressure,Siemens,SITRANS pressure,Absolute-pressure configuration,Siemens Absolute-pressure configuration,Configuration required,1,Required,Required,Required,Required,Required,Download if available,Required,https://www.siemens.com/cax,User-requested library scope,Unselected; exact order number must be configured,Not started,"Configure range, pressure type, wetted material, process connection, 4-20 mA/HART, enclosure, approvals, and SIL needs."
CAD-0238,Process instrumentation,Pressure,Siemens,SITRANS pressure,Differential-pressure configuration,Siemens Differential-pressure configuration,Configuration required,1,Required,Required,Required,Required,Required,Download if available,Required,https://www.siemens.com/cax,User-requested library scope,Unselected; exact order number must be configured,Not started,"Configure range, pressure type, wetted material, process connection, 4-20 mA/HART, enclosure, approvals, and SIL needs."
CAD-0239,Process instrumentation,Pressure,Siemens,SITRANS pressure,Flush-diaphragm configuration,Siemens Flush-diaphragm configuration,Configuration required,1,Required,Required,Required,Required,Required,Download if available,Required,https://www.siemens.com/cax,User-requested library scope,Unselected; exact order number must be configured,Not started,"Configure range, pressure type, wetted material, process connection, 4-20 mA/HART, enclosure, approvals, and SIL needs."
CAD-0240,Process instrumentation,Pressure,Siemens,SITRANS pressure,Three- or five-valve manifold,Siemens Three- or five-valve manifold,Configuration required,1,Required,Required,Required,Required,Required,Download if available,Not applicable,https://www.siemens.com/cax,User-requested library scope,Unselected; exact order number must be configured,Not started,"Configure range, pressure type, wetted material, process connection, 4-20 mA/HART, enclosure, approvals, and SIL needs."
CAD-0241,Process instrumentation,Pressure,Siemens,SITRANS pressure,Root valve,Siemens Root valve,Configuration required,1,Required,Required,Required,Required,Required,Download if available,Not applicable,https://www.siemens.com/cax,User-requested library scope,Unselected; exact order number must be configured,Not started,"Configure range, pressure type, wetted material, process connection, 4-20 mA/HART, enclosure, approvals, and SIL needs."
CAD-0242,Process instrumentation,Pressure,Siemens,SITRANS pressure,Impulse tubing and fittings,Siemens Impulse tubing and fittings,Configuration required,1,Required,Required,Required,Required,Required,Download if available,Not applicable,https://www.siemens.com/cax,User-requested library scope,Unselected; exact order number must be configured,Not started,"Configure range, pressure type, wetted material, process connection, 4-20 mA/HART, enclosure, approvals, and SIL needs."
CAD-0243,Process instrumentation,Pressure,Siemens,SITRANS pressure,Pressure-transmitter mounting bracket,Siemens Pressure-transmitter mounting bracket,Configuration required,1,Required,Required,Required,Required,Required,Download if available,Required,https://www.siemens.com/cax,User-requested library scope,Unselected; exact order number must be configured,Not started,"Configure range, pressure type, wetted material, process connection, 4-20 mA/HART, enclosure, approvals, and SIL needs."
CAD-0244,Process instrumentation,4-20 mA loop accessory,Siemens,24 VDC two-wire 4-20 mA loop,24 VDC loop power source,24 VDC loop power source,Configuration required,1,Required,Required,Required,Required,Required,Download if available,Not applicable,https://www.siemens.com/cax,User-requested library scope,Unselected; exact order number must be configured,Not started,"Interpretation of user request: 24 VDC-powered, 4-20 mA temperature/pressure loop."
CAD-0245,Process instrumentation,4-20 mA loop accessory,Vendor neutral,24 VDC two-wire 4-20 mA loop,Fused/electronically protected distribution terminal,Fused/electronically protected distribution terminal,Configuration required,1,Required,Required,Required,Required,Required,Download if available,Not applicable,,User-requested library scope,Unselected; exact order number must be configured,Not started,"Interpretation of user request: 24 VDC-powered, 4-20 mA temperature/pressure loop."
CAD-0246,Process instrumentation,4-20 mA loop accessory,Vendor neutral,24 VDC two-wire 4-20 mA loop,Disconnect/test terminal,Disconnect/test terminal,Configuration required,1,Required,Required,Required,Required,Required,Download if available,Not applicable,,User-requested library scope,Unselected; exact order number must be configured,Not started,"Interpretation of user request: 24 VDC-powered, 4-20 mA temperature/pressure loop."
CAD-0247,Process instrumentation,4-20 mA loop accessory,Siemens,24 VDC two-wire 4-20 mA loop,Analog input module,Analog input module,Configuration required,1,Required,Required,Required,Required,Required,Download if available,Not applicable,https://www.siemens.com/cax,User-requested library scope,Unselected; exact order number must be configured,Not started,"Interpretation of user request: 24 VDC-powered, 4-20 mA temperature/pressure loop."
CAD-0248,Process instrumentation,4-20 mA loop accessory,Vendor neutral,24 VDC two-wire 4-20 mA loop,Shielded twisted-pair cable,Shielded twisted-pair cable,Configuration required,1,Required,Required,Required,Required,Required,Download if available,Required,,User-requested library scope,Unselected; exact order number must be configured,Not started,"Interpretation of user request: 24 VDC-powered, 4-20 mA temperature/pressure loop."
CAD-0249,Process instrumentation,4-20 mA loop accessory,Vendor neutral,24 VDC two-wire 4-20 mA loop,Shield clamp and grounding point,Shield clamp and grounding point,Configuration required,1,Required,Required,Required,Required,Required,Download if available,Not applicable,,User-requested library scope,Unselected; exact order number must be configured,Not started,"Interpretation of user request: 24 VDC-powered, 4-20 mA temperature/pressure loop."
CAD-0250,Process instrumentation,4-20 mA loop accessory,Vendor neutral,24 VDC two-wire 4-20 mA loop,Cable gland or cord grip,Cable gland or cord grip,Configuration required,1,Required,Required,Required,Required,Required,Download if available,Required,,User-requested library scope,Unselected; exact order number must be configured,Not started,"Interpretation of user request: 24 VDC-powered, 4-20 mA temperature/pressure loop."
CAD-0251,Process instrumentation,4-20 mA loop accessory,Vendor neutral,24 VDC two-wire 4-20 mA loop,Loop surge protector,Loop surge protector,Configuration required,1,Required,Required,Required,Required,Required,Download if available,Not applicable,,User-requested library scope,Unselected; exact order number must be configured,Not started,"Interpretation of user request: 24 VDC-powered, 4-20 mA temperature/pressure loop."
CAD-0252,Process instrumentation,4-20 mA loop accessory,Vendor neutral,24 VDC two-wire 4-20 mA loop,Galvanic isolator,Galvanic isolator,Configuration required,1,Required,Required,Required,Required,Required,Download if available,Not applicable,,User-requested library scope,Unselected; exact order number must be configured,Not started,"Interpretation of user request: 24 VDC-powered, 4-20 mA temperature/pressure loop."
CAD-0253,Process instrumentation,4-20 mA loop accessory,Vendor neutral,24 VDC two-wire 4-20 mA loop,Field junction box,Field junction box,Configuration required,1,Required,Required,Required,Required,Required,Download if available,Not applicable,,User-requested library scope,Unselected; exact order number must be configured,Not started,"Interpretation of user request: 24 VDC-powered, 4-20 mA temperature/pressure loop."
CAD-0254,Process instrumentation,4-20 mA loop accessory,Vendor neutral,24 VDC two-wire 4-20 mA loop,Terminal markers,Terminal markers,Configuration required,1,Required,Required,Required,Required,Required,Download if available,Not applicable,,User-requested library scope,Unselected; exact order number must be configured,Not started,"Interpretation of user request: 24 VDC-powered, 4-20 mA temperature/pressure loop."
CAD-0255,Process instrumentation,4-20 mA loop accessory,Vendor neutral,24 VDC two-wire 4-20 mA loop,Wire markers,Wire markers,Configuration required,1,Required,Required,Required,Required,Required,Download if available,Required,,User-requested library scope,Unselected; exact order number must be configured,Not started,"Interpretation of user request: 24 VDC-powered, 4-20 mA temperature/pressure loop."
CAD-0256,Process instrumentation,4-20 mA loop accessory,Vendor neutral,24 VDC two-wire 4-20 mA loop,Ferrules,Ferrules,Configuration required,1,Required,Required,Required,Required,Required,Download if available,Not applicable,,User-requested library scope,Unselected; exact order number must be configured,Not started,"Interpretation of user request: 24 VDC-powered, 4-20 mA temperature/pressure loop."
CAD-0257,Panel auxiliary power,Industrial power outlet assembly,Vendor neutral,Project-selected galvanized outlet assembly,Galvanized industrial outlet box,Galvanized industrial outlet box,Configuration required,1,Required,Required,Required,Required,Required,Download if available,Not applicable,,User-requested library scope,Unselected; exact order number must be configured,Not started,"Select voltage, ampacity, NEMA/IEC configuration, grounding, environmental rating, SCCR, and applicable code profile."
CAD-0258,Panel auxiliary power,Industrial power outlet assembly,Vendor neutral,Project-selected galvanized outlet assembly,Industrial receptacle,Industrial receptacle,Configuration required,1,Required,Required,Required,Required,Required,Download if available,Not applicable,,User-requested library scope,Unselected; exact order number must be configured,Not started,"Select voltage, ampacity, NEMA/IEC configuration, grounding, environmental rating, SCCR, and applicable code profile."
CAD-0259,Panel auxiliary power,Industrial power outlet assembly,Vendor neutral,Project-selected galvanized outlet assembly,Weatherproof cover,Weatherproof cover,Configuration required,1,Required,Required,Required,Required,Required,Download if available,Not applicable,,User-requested library scope,Unselected; exact order number must be configured,Not started,"Select voltage, ampacity, NEMA/IEC configuration, grounding, environmental rating, SCCR, and applicable code profile."
CAD-0260,Panel auxiliary power,Industrial power outlet assembly,Vendor neutral,Project-selected galvanized outlet assembly,GFCI protection,GFCI protection,Configuration required,1,Required,Required,Required,Required,Required,Download if available,Not applicable,,User-requested library scope,Unselected; exact order number must be configured,Not started,"Select voltage, ampacity, NEMA/IEC configuration, grounding, environmental rating, SCCR, and applicable code profile."
CAD-0261,Panel auxiliary power,Industrial power outlet assembly,Vendor neutral,Project-selected galvanized outlet assembly,Branch circuit breaker,Branch circuit breaker,Configuration required,1,Required,Required,Required,Required,Required,Download if available,Not applicable,,User-requested library scope,Unselected; exact order number must be configured,Not started,"Select voltage, ampacity, NEMA/IEC configuration, grounding, environmental rating, SCCR, and applicable code profile."
CAD-0262,Panel auxiliary power,Industrial power outlet assembly,Vendor neutral,Project-selected galvanized outlet assembly,Equipment-ground terminal,Equipment-ground terminal,Configuration required,1,Required,Required,Required,Required,Required,Download if available,Not applicable,,User-requested library scope,Unselected; exact order number must be configured,Not started,"Select voltage, ampacity, NEMA/IEC configuration, grounding, environmental rating, SCCR, and applicable code profile."
CAD-0263,Panel auxiliary power,Industrial power outlet assembly,Vendor neutral,Project-selected galvanized outlet assembly,Neutral terminal,Neutral terminal,Configuration required,1,Required,Required,Required,Required,Required,Download if available,Not applicable,,User-requested library scope,Unselected; exact order number must be configured,Not started,"Select voltage, ampacity, NEMA/IEC configuration, grounding, environmental rating, SCCR, and applicable code profile."
CAD-0264,Panel auxiliary power,Industrial power outlet assembly,Vendor neutral,Project-selected galvanized outlet assembly,DIN-rail grounding block,DIN-rail grounding block,Configuration required,1,Required,Required,Required,Required,Required,Download if available,Not applicable,,User-requested library scope,Unselected; exact order number must be configured,Not started,"Select voltage, ampacity, NEMA/IEC configuration, grounding, environmental rating, SCCR, and applicable code profile."
CAD-0265,Panel auxiliary power,Industrial power outlet assembly,Vendor neutral,Project-selected galvanized outlet assembly,Cable gland or conduit hub,Cable gland or conduit hub,Configuration required,1,Required,Required,Required,Required,Required,Download if available,Not applicable,,User-requested library scope,Unselected; exact order number must be configured,Not started,"Select voltage, ampacity, NEMA/IEC configuration, grounding, environmental rating, SCCR, and applicable code profile."
CAD-0266,Panel auxiliary power,Industrial power outlet assembly,Vendor neutral,Project-selected galvanized outlet assembly,Rigid conduit fitting,Rigid conduit fitting,Configuration required,1,Required,Required,Required,Required,Required,Download if available,Not applicable,,User-requested library scope,Unselected; exact order number must be configured,Not started,"Select voltage, ampacity, NEMA/IEC configuration, grounding, environmental rating, SCCR, and applicable code profile."
CAD-0267,Panel auxiliary power,Industrial power outlet assembly,Vendor neutral,Project-selected galvanized outlet assembly,Flexible conduit fitting,Flexible conduit fitting,Configuration required,1,Required,Required,Required,Required,Required,Download if available,Not applicable,,User-requested library scope,Unselected; exact order number must be configured,Not started,"Select voltage, ampacity, NEMA/IEC configuration, grounding, environmental rating, SCCR, and applicable code profile."
CAD-0268,Panel auxiliary power,Industrial power outlet assembly,Vendor neutral,Project-selected galvanized outlet assembly,Cord connector,Cord connector,Configuration required,1,Required,Required,Required,Required,Required,Download if available,Not applicable,,User-requested library scope,Unselected; exact order number must be configured,Not started,"Select voltage, ampacity, NEMA/IEC configuration, grounding, environmental rating, SCCR, and applicable code profile."
CAD-0269,Panel auxiliary power,Industrial power outlet assembly,Vendor neutral,Project-selected galvanized outlet assembly,Voltage/warning label,Voltage/warning label,Configuration required,1,Required,Required,Required,Required,Required,Download if available,Not applicable,,User-requested library scope,Unselected; exact order number must be configured,Not started,"Select voltage, ampacity, NEMA/IEC configuration, grounding, environmental rating, SCCR, and applicable code profile."
CAD-0270,Panel auxiliary power,Industrial power outlet assembly,Vendor neutral,Project-selected galvanized outlet assembly,Mounting hardware,Mounting hardware,Configuration required,1,Required,Required,Required,Required,Required,Download if available,Not applicable,,User-requested library scope,Unselected; exact order number must be configured,Not started,"Select voltage, ampacity, NEMA/IEC configuration, grounding, environmental rating, SCCR, and applicable code profile."
CAD-0271,Panel wiring,Termination and connector,Vendor neutral,Project-approved termination system,Insulated single-wire ferrule,Insulated single-wire ferrule,Configuration required,1,Required,Required,Required,Required,Required,Download if available,Required,,User-requested library scope,Unselected; exact order number must be configured,Not started,"No bare stranded-wire termination. Confirm ferrule/terminal/tool listing, conductor range, strip length, and twin-ferrule allowance."
CAD-0272,Panel wiring,Termination and connector,Vendor neutral,Project-approved termination system,Twin ferrule,Twin ferrule,Configuration required,1,Required,Required,Required,Required,Required,Download if available,Required,,User-requested library scope,Unselected; exact order number must be configured,Not started,"No bare stranded-wire termination. Confirm ferrule/terminal/tool listing, conductor range, strip length, and twin-ferrule allowance."
CAD-0273,Panel wiring,Termination and connector,Vendor neutral,Project-approved termination system,Long-barrel ferrule,Long-barrel ferrule,Configuration required,1,Required,Required,Required,Required,Required,Download if available,Required,,User-requested library scope,Unselected; exact order number must be configured,Not started,"No bare stranded-wire termination. Confirm ferrule/terminal/tool listing, conductor range, strip length, and twin-ferrule allowance."
CAD-0274,Panel wiring,Termination and connector,Vendor neutral,Project-approved termination system,Ferrule assortment by conductor size,Ferrule assortment by conductor size,Configuration required,1,Required,Required,Required,Required,Required,Download if available,Required,,User-requested library scope,Unselected; exact order number must be configured,Not started,"No bare stranded-wire termination. Confirm ferrule/terminal/tool listing, conductor range, strip length, and twin-ferrule allowance."
CAD-0275,Panel wiring,Termination and connector,Vendor neutral,Project-approved termination system,Ratcheting ferrule crimp tool,Ratcheting ferrule crimp tool,Configuration required,1,Required,Required,Required,Required,Required,Download if available,Required,,User-requested library scope,Unselected; exact order number must be configured,Not started,"No bare stranded-wire termination. Confirm ferrule/terminal/tool listing, conductor range, strip length, and twin-ferrule allowance."
CAD-0276,Panel wiring,Termination and connector,Vendor neutral,Project-approved termination system,Ring terminal,Ring terminal,Configuration required,1,Required,Required,Required,Required,Required,Download if available,Required,,User-requested library scope,Unselected; exact order number must be configured,Not started,"No bare stranded-wire termination. Confirm ferrule/terminal/tool listing, conductor range, strip length, and twin-ferrule allowance."
CAD-0277,Panel wiring,Termination and connector,Vendor neutral,Project-approved termination system,Fork terminal,Fork terminal,Configuration required,1,Required,Required,Required,Required,Required,Download if available,Required,,User-requested library scope,Unselected; exact order number must be configured,Not started,"No bare stranded-wire termination. Confirm ferrule/terminal/tool listing, conductor range, strip length, and twin-ferrule allowance."
CAD-0278,Panel wiring,Termination and connector,Vendor neutral,Project-approved termination system,Large-conductor cable lug,Large-conductor cable lug,Configuration required,1,Required,Required,Required,Required,Required,Download if available,Required,,User-requested library scope,Unselected; exact order number must be configured,Not started,"No bare stranded-wire termination. Confirm ferrule/terminal/tool listing, conductor range, strip length, and twin-ferrule allowance."
CAD-0279,Panel wiring,Termination and connector,Vendor neutral,Project-approved termination system,Heat-shrink marker,Heat-shrink marker,Configuration required,1,Required,Required,Required,Required,Required,Download if available,Required,,User-requested library scope,Unselected; exact order number must be configured,Not started,"No bare stranded-wire termination. Confirm ferrule/terminal/tool listing, conductor range, strip length, and twin-ferrule allowance."
CAD-0280,Panel wiring,Termination and connector,Vendor neutral,Project-approved termination system,Shield termination clamp,Shield termination clamp,Configuration required,1,Required,Required,Required,Required,Required,Download if available,Required,,User-requested library scope,Unselected; exact order number must be configured,Not started,"No bare stranded-wire termination. Confirm ferrule/terminal/tool listing, conductor range, strip length, and twin-ferrule allowance."
CAD-0281,Panel wiring,Termination and connector,Vendor neutral,Project-approved termination system,Cord grip/cable gland,Cord grip/cable gland,Configuration required,1,Required,Required,Required,Required,Required,Download if available,Required,,User-requested library scope,Unselected; exact order number must be configured,Not started,"No bare stranded-wire termination. Confirm ferrule/terminal/tool listing, conductor range, strip length, and twin-ferrule allowance."
CAD-0282,Panel wiring,Termination and connector,Vendor neutral,Project-approved termination system,RJ45 connector,RJ45 connector,Configuration required,1,Required,Required,Required,Required,Required,Download if available,Required,,User-requested library scope,Unselected; exact order number must be configured,Not started,"No bare stranded-wire termination. Confirm ferrule/terminal/tool listing, conductor range, strip length, and twin-ferrule allowance."
CAD-0283,Panel wiring,Termination and connector,Vendor neutral,Project-approved termination system,M12 connector,M12 connector,Configuration required,1,Required,Required,Required,Required,Required,Download if available,Required,,User-requested library scope,Unselected; exact order number must be configured,Not started,"No bare stranded-wire termination. Confirm ferrule/terminal/tool listing, conductor range, strip length, and twin-ferrule allowance."
CAD-0284,Panel wiring,Termination and connector,Vendor neutral,Project-approved termination system,D-sub connector,D-sub connector,Configuration required,1,Required,Required,Required,Required,Required,Download if available,Required,,User-requested library scope,Unselected; exact order number must be configured,Not started,"No bare stranded-wire termination. Confirm ferrule/terminal/tool listing, conductor range, strip length, and twin-ferrule allowance."
CAD-0285,Panel wiring,Termination and connector,Vendor neutral,Project-approved termination system,Removable terminal connector,Removable terminal connector,Configuration required,1,Required,Required,Required,Required,Required,Download if available,Required,,User-requested library scope,Unselected; exact order number must be configured,Not started,"No bare stranded-wire termination. Confirm ferrule/terminal/tool listing, conductor range, strip length, and twin-ferrule allowance."
